Ensembl gene ID,gene_name_Clarke.et.al.,Description_Clarke.et.al.,reference
ENSOARG00000000039,OR52A1,olfactory receptor family 52 subfamily A member 1,https://doi.org/10.1371/journal.pgen.1006997
ENSOARG00000000059,OR5W2,olfactory receptor family 5 subfamily W member 2,
ENSOARG00000000062,VN1R4,VN1R4,
ENSOARG00000000067,ANP32A,acidic nuclear phosphoprotein 32 family member A,
ENSOARG00000000070,GIMAP7,"GTPase, IMAP family member 7",
ENSOARG00000000073,SRSF10,serine and arginine rich splicing factor 10,
ENSOARG00000000077,MRPS2,mitochondrial ribosomal protein S2,
ENSOARG00000000081,TAF15,TATA-binding protein-associated factor 2N,
ENSOARG00000000087,WSB1,WD repeat and SOCS box-containing protein 1,
ENSOARG00000000120,ZNF160,zinc finger protein 160-like,
ENSOARG00000000126,RPL5,ribosomal protein L5,
ENSOARG00000000127,EID1,EP300-interacting inhibitor of differentiation 1,
ENSOARG00000000134,ZNF160,zinc finger protein 160-like,
ENSOARG00000000147,ZNF282,zinc finger protein 282,
ENSOARG00000000148,PPP1R14B,protein phosphatase 1 regulatory inhibitor subunit 14B,
ENSOARG00000000161,CAPZA2,capping actin protein of muscle Z-line alpha subunit 2,
ENSOARG00000000183,POU4F1,POU class 4 homeobox 1,
ENSOARG00000000204,OR51G1,OR51G1,
ENSOARG00000000227,DCAF4,DDB1 and CUL4 associated factor 4,
ENSOARG00000000239,TIMM17A,translocase of inner mitochondrial membrane 17 homolog A (yeast),
ENSOARG00000000240,VSTM2B,V-set and transmembrane domain containing 2B,
ENSOARG00000000241,RPL9,ribosomal protein L9,
ENSOARG00000000255,ATRIP,ATR interacting protein,
ENSOARG00000000275,YWHAE,YWHAE,
ENSOARG00000000293,NEUROG2,neurogenin 2,
ENSOARG00000000303,NPDC1,"neural proliferation, differentiation and control 1",
ENSOARG00000000311,NPDC1,"neural proliferation, differentiation and control 1",
ENSOARG00000000315,POLR3F,POLR3F,
ENSOARG00000000323,OR7A17,olfactory receptor family 7 subfamily A member 17,
ENSOARG00000000359,SLC7A3,solute carrier family 7 member 3,
ENSOARG00000000371,BEX2,brain expressed X-linked 2,
ENSOARG00000000388,PYURF,PIGY upstream reading frame,
ENSOARG00000000390,UVRAG,UV radiation resistance associated,
ENSOARG00000000391,CRTC2,CREB-regulated transcription coactivator 2,
ENSOARG00000000408,RPL4,ribosomal protein L4,
ENSOARG00000000410,EI24,"EI24, autophagy associated transmembrane protein",
ENSOARG00000000436,RNF168,ring finger protein 168,
ENSOARG00000000441,BNIP3L,BCL2 interacting protein 3 like,
ENSOARG00000000443,SLC7A3,solute carrier family 7 member 3,
ENSOARG00000000447,PIGY,phosphatidylinositol glycan anchor biosynthesis class Y,
ENSOARG00000000451,OLA1,Obg like ATPase 1,
ENSOARG00000000468,NFYB,nuclear transcription factor Y subunit beta,
ENSOARG00000000480,MOCS1,molybdenum cofactor synthesis 1,
ENSOARG00000000494,MAGEA10,MAGE family member A10,
ENSOARG00000000505,CACNA1B,calcium voltage-gated channel subunit alpha1 B,
ENSOARG00000000518,CACNA1B,calcium voltage-gated channel subunit alpha1 B,
ENSOARG00000000526,DEFB119,defensin beta 119,
ENSOARG00000000531,ARHGEF18,rho guanine nucleotide exchange factor 18,
ENSOARG00000000546,SLC7A3,solute carrier family 7 member 3,
ENSOARG00000000560,ZNF160,zinc finger protein 160-like,
ENSOARG00000000570,MDM2,MDM2 proto-oncogene,
ENSOARG00000000590,HNRNPK,HNRNPK,
ENSOARG00000000595,RPS12,RPS12,
ENSOARG00000000596,CCDC25,coiled-coil domain containing 25,
ENSOARG00000000604,EVA1B,eva-1 homolog B,
ENSOARG00000000606,MUSTN1,"musculoskeletal, embryonic nuclear protein 1",
ENSOARG00000000613,KCTD8,KCTD8,
ENSOARG00000000628,SLC7A3,solute carrier family 7 member 3,
ENSOARG00000000647,KIF11,kinesin family member 11,
ENSOARG00000000655,UGT2C1,UGT2C1,
ENSOARG00000000660,BTF3,transcription factor BTF3,
ENSOARG00000000672,OR4F4,olfactory receptor family 4 subfamily F member 4,
ENSOARG00000000704,SLC7A3,solute carrier family 7 member 3,
ENSOARG00000000717,NDUFA5,NADH:ubiquinone oxidoreductase subunit A5,
ENSOARG00000000725,ZAK,mitogen-activated protein kinase kinase kinase MLT,
ENSOARG00000000726,PTGR2,prostaglandin reductase 2,
ENSOARG00000000746,FAM25A,family with sequence similarity 25 member A,
ENSOARG00000000751,C3,complement C3,
ENSOARG00000000753,WDR61,WD repeat domain 61,
ENSOARG00000000775,ZMYND19,zinc finger MYND-type containing 19,
ENSOARG00000000782,ZCRB1,zinc finger CCHC-type and RNA binding motif containing 1,
ENSOARG00000000786,ANKRD63,ankyrin repeat domain 63,
ENSOARG00000000798,HIGD1A,HIG1 hypoxia inducible domain family member 1A,
ENSOARG00000000835,PNP,purine nucleoside phosphorylase,
ENSOARG00000000845,GSG1L,GSG1 like,
ENSOARG00000000868,SLC22A10,solute carrier family 22 member 10,
ENSOARG00000000870,C2CD4A,C2 calcium dependent domain containing 4A,
ENSOARG00000000879,C2CD4A,C2 calcium dependent domain containing 4A,
ENSOARG00000000882,C2CD4A,C2 calcium dependent domain containing 4A,
ENSOARG00000000886,C2CD4A,C2 calcium dependent domain containing 4A,
ENSOARG00000000887,RPS6,ribosomal protein S6,
ENSOARG00000000914,MAFA,MAF bZIP transcription factor A,
ENSOARG00000000917,ARVCF,armadillo repeat gene deleted in velocardiofacial syndrome,
ENSOARG00000000924,RBM7,RNA binding motif protein 7,
ENSOARG00000000925,EID1,EP300-interacting inhibitor of differentiation 1,
ENSOARG00000000941,RNF220,ring finger protein 220,
ENSOARG00000000954,SLC22A10,solute carrier family 22 member 10,
ENSOARG00000000975,RPS15A,ribosomal protein S15a,
ENSOARG00000000985,PAPSS2,3'-phosphoadenosine 5'-phosphosulfate synthase 2,
ENSOARG00000000997,PMFBP1,polyamine-modulated factor 1-binding protein 1,
ENSOARG00000001001,SPAG5,sperm associated antigen 5,
ENSOARG00000001009,HAUS3,HAUS augmin-like complex subunit 3,
ENSOARG00000001018,C1orf95,protein stum homolog,
ENSOARG00000001025,TOLLIP,toll interacting protein,
ENSOARG00000001027,TIMM8A,translocase of inner mitochondrial membrane 8 homolog A (yeast),
ENSOARG00000001043,GSTO1,glutathione S-transferase omega 1,
ENSOARG00000001047,ATP6V0E2,ATPase H+ transporting V0 subunit e2,
ENSOARG00000001059,CKB,creatine kinase B,
ENSOARG00000001066,CCZ1,"CCZ1 homolog, vacuolar protein trafficking and biogenesis associated",
ENSOARG00000001079,RPS13,RPS13,
ENSOARG00000001105,RPS15A,ribosomal protein S15a,
ENSOARG00000001119,DTD1,D-tyrosyl-tRNA deacylase 1,
ENSOARG00000001138,HERC6,probable E3 ubiquitin-protein ligase HERC6,
ENSOARG00000001147,FBXW5,F-box and WD repeat domain containing 5,
ENSOARG00000001153,GRM8,glutamate metabotropic receptor 8,
ENSOARG00000001206,BET1,Bet1 golgi vesicular membrane trafficking protein,
ENSOARG00000001286,PTGES2,prostaglandin E synthase 2,
ENSOARG00000001315,SLC22A10,solute carrier family 22 member 10,
ENSOARG00000001382,RPL9,ribosomal protein L9,
ENSOARG00000001406,TOP1,topoisomerase (DNA) I,
ENSOARG00000001419,TPX2,"TPX2, microtubule nucleation factor",
ENSOARG00000001425,MEA1,male-enhanced antigen 1,
ENSOARG00000001462,SERGEF,secretion regulating guanine nucleotide exchange factor,
ENSOARG00000001463,BMI1,"BMI1 proto-oncogene, polycomb ring finger",
ENSOARG00000001465,GIMAP7,"GTPase, IMAP family member 7",
ENSOARG00000001467,OR5K1,olfactory receptor family 5 subfamily K member 1,
ENSOARG00000001476,ETFA,electron transfer flavoprotein alpha subunit,
ENSOARG00000001501,OR5H2,olfactory receptor family 5 subfamily H member 2,
ENSOARG00000001503,OR2Z1,OR2Z1,
ENSOARG00000001517,SCARB2,scavenger receptor class B member 2,
ENSOARG00000001524,ZNF160,zinc finger protein 160-like,
ENSOARG00000001540,SH3BGRL3,SH3 domain binding glutamate rich protein like 3,
ENSOARG00000001578,GUSB,glucuronidase beta,
ENSOARG00000001597,OR5K1,olfactory receptor family 5 subfamily K member 1,
ENSOARG00000001608,TIMM8A,translocase of inner mitochondrial membrane 8 homolog A (yeast),
ENSOARG00000001610,CRTC2,CREB-regulated transcription coactivator 2,
ENSOARG00000001622,ZNF263,zinc finger protein 263,
ENSOARG00000001623,MOGAT2,monoacylglycerol O-acyltransferase 2,
ENSOARG00000001635,DHH,desert hedgehog,
ENSOARG00000001640,DHH,desert hedgehog,
ENSOARG00000001645,GIMAP5,"GTPase, IMAP family member 5",
ENSOARG00000001649,LYNX1,ly-6/neurotoxin-like protein 1,
ENSOARG00000001652,RNF14,RNF14,
ENSOARG00000001673,SERGEF,secretion regulating guanine nucleotide exchange factor,
ENSOARG00000001675,LTV1,LTV1 ribosome biogenesis factor,
ENSOARG00000001681,SYT2,synaptotagmin 2,
ENSOARG00000001737,SLC22A10,solute carrier family 22 member 10,
ENSOARG00000001776,NDUFB11,NADH:ubiquinone oxidoreductase subunit B11,
ENSOARG00000001795,MORF4L1,mortality factor 4 like 1,
ENSOARG00000001799,AOC1,"amine oxidase, copper containing 1",
ENSOARG00000001820,NASP,nuclear autoantigenic sperm protein,
ENSOARG00000001834,FLVCR2,feline leukemia virus subgroup C cellular receptor family member 2,
ENSOARG00000001858,ZC3H11A,zinc finger CCCH-type containing 11A,
ENSOARG00000001876,APEX1,apurinic/apyrimidinic endodeoxyribonuclease 1,
ENSOARG00000001877,CUL7,cullin 7,
ENSOARG00000001879,RTTN,rotatin,
ENSOARG00000001901,TECPR1,tectonin beta-propeller repeat containing 1,
ENSOARG00000001904,FSCN3,fascin actin-bundling protein 3,
ENSOARG00000001905,RPS6,ribosomal protein S6,
ENSOARG00000001927,PPM1L,"protein phosphatase, Mg2+/Mn2+ dependent 1L",
ENSOARG00000001943,GRIN1,glutamate ionotropic receptor NMDA type subunit 1,
ENSOARG00000001953,GRIN1,glutamate ionotropic receptor NMDA type subunit 1,
ENSOARG00000002001,GP6,glycoprotein VI platelet,
ENSOARG00000002014,GPBP1L1,GC-rich promoter binding protein 1 like 1,
ENSOARG00000002025,GPBP1L1,GC-rich promoter binding protein 1 like 1,
ENSOARG00000002031,EXOC1,EXOC1,
ENSOARG00000002032,AGRN,agrin,
ENSOARG00000002041,RCN3,reticulocalbin 3,
ENSOARG00000002059,SLC22A9,solute carrier family 22 member 9-like,
ENSOARG00000002083,ZNF160,zinc finger protein 160-like,
ENSOARG00000002103,PRAME,PRAME,
ENSOARG00000002126,SLC2A5,"solute carrier family 2, facilitated glucose transporter member 5",
ENSOARG00000002134,SATL1,spermidine/spermine N1-acetyl transferase-like 1,
ENSOARG00000002136,C10orf53,chromosome 10 open reading frame 53,
ENSOARG00000002227,SCHIP1,schwannomin interacting protein 1,
ENSOARG00000002234,SLC2A3,solute carrier family 2 member 3,
ENSOARG00000002252,SLC22A9,solute carrier family 22 member 9-like,
ENSOARG00000002290,GRK1,G protein-coupled receptor kinase 1,
ENSOARG00000002294,SLC7A3,solute carrier family 7 member 3,
ENSOARG00000002309,CFAP36,cilia and flagella associated protein 36,
ENSOARG00000002321,STK11IP,serine/threonine-protein kinase 11-interacting protein,
ENSOARG00000002358,C10orf32,C10orf32,
ENSOARG00000002368,TIMM23,translocase of inner mitochondrial membrane 23,
ENSOARG00000002383,FSCN3,fascin actin-bundling protein 3,
ENSOARG00000002384,SRSF10,serine and arginine rich splicing factor 10,
ENSOARG00000002405,CDK11B,cyclin-dependent kinase 11B,
ENSOARG00000002421,TAAR6,trace amine associated receptor 6,
ENSOARG00000002426,PTF1A,"pancreas specific transcription factor, 1a",
ENSOARG00000002438,TAAR6,trace amine associated receptor 6,
ENSOARG00000002439,WRNIP1,ATPase WRNIP1,
ENSOARG00000002454,LARS,leucyl-tRNA synthetase,
ENSOARG00000002456,TAAR6,trace amine associated receptor 6,
ENSOARG00000002473,TAAR7,TAAR7,
ENSOARG00000002488,PRORSD1,PRORSD1,
ENSOARG00000002491,MOBP,myelin-associated oligodendrocyte basic protein,
ENSOARG00000002510,TAAR4,TAAR4,
ENSOARG00000002527,TAAR3,trace amine associated receptor 3 (gene/pseudogene),
ENSOARG00000002563,CILP2,cartilage intermediate layer protein 2,
ENSOARG00000002573,ZNF621,zinc finger protein 621,
ENSOARG00000002575,NUP133,nucleoporin 133,
ENSOARG00000002599,PCDH11X,protocadherin 11 X-linked,
ENSOARG00000002605,CLEC6A,C-type lectin domain family 6 member A,
ENSOARG00000002612,MAP2K3,mitogen-activated protein kinase kinase 3,
ENSOARG00000002623,CEP162,centrosomal protein of 162 kDa,
ENSOARG00000002642,SLIRP,SRA stem-loop interacting RNA binding protein,
ENSOARG00000002684,GXYLT2,glucoside xylosyltransferase 2,
ENSOARG00000002697,RPS6,ribosomal protein S6,
ENSOARG00000002701,SIGLEC5,sialic acid-binding Ig-like lectin 5,
ENSOARG00000002707,DACH2,dachshund family transcription factor 2,
ENSOARG00000002710,TSTD1,thiosulfate sulfurtransferase like domain containing 1,
ENSOARG00000002734,DDX49,DEAD-box helicase 49,
ENSOARG00000002745,EFCAB14,EF-hand calcium binding domain 14,
ENSOARG00000002764,RPS25,ribosomal protein S25,
ENSOARG00000002771,C3,complement C3,
ENSOARG00000002774,MCM2,minichromosome maintenance complex component 2,
ENSOARG00000002783,MDM4,"MDM4, p53 regulator",
ENSOARG00000002789,ZNF621,zinc finger protein 621,
ENSOARG00000002794,KCNQ1,potassium voltage-gated channel subfamily KQT member 1,
ENSOARG00000002808,WNT10B,Wnt family member 10B,
ENSOARG00000002810,WIPI1,"WD repeat domain, phosphoinositide interacting 1",
ENSOARG00000002824,PTPRT,"protein tyrosine phosphatase, receptor type T",
ENSOARG00000002849,PPDPF,pancreatic progenitor cell differentiation and proliferation factor,
ENSOARG00000002856,ART5,ADP-ribosyltransferase 5,
ENSOARG00000002869,LEKR1,"leucine, glutamate and lysine rich 1",
ENSOARG00000002892,EIF3C,eukaryotic translation initiation factor 3 subunit C,
ENSOARG00000002903,TMBIM4,transmembrane BAX inhibitor motif containing 4,
ENSOARG00000002911,TMEM81,transmembrane protein 81,
ENSOARG00000002916,ARHGEF10L,Rho guanine nucleotide exchange factor 10 like,
ENSOARG00000002929,HMGA2,high mobility group AT-hook 2,
ENSOARG00000002948,PPP1R14C,protein phosphatase 1 regulatory inhibitor subunit 14C,
ENSOARG00000002963,FAM71F2,family with sequence similarity 71 member F2,
ENSOARG00000002966,PEBP1,phosphatidylethanolamine binding protein 1,
ENSOARG00000002968,SCAMP2,secretory carrier-associated membrane protein 2,
ENSOARG00000002983,SSU72,SSU72,
ENSOARG00000002994,CLN3,"CLN3, battenin",
ENSOARG00000003035,DNAJC8,DNAJC8,
ENSOARG00000003038,CCSAP,"centriole, cilia and spindle associated protein",
ENSOARG00000003045,SNAPC2,small nuclear RNA activating complex polypeptide 2,
ENSOARG00000003060,NUP133,nucleoporin 133,
ENSOARG00000003072,PTPRT,"protein tyrosine phosphatase, receptor type T",
ENSOARG00000003078,LTC4S,leukotriene C4 synthase,
ENSOARG00000003083,TAF5L,TATA-box binding protein associated factor 5 like,
ENSOARG00000003117,SRSF6,serine/arginine-rich splicing factor 6,
ENSOARG00000003125,VN1R4,VN1R4,
ENSOARG00000003161,NKX6-1,NK6 homeobox 1,
ENSOARG00000003162,USF1,upstream transcription factor 1,
ENSOARG00000003176,L3MBTL1,l(3)mbt-like 1 (Drosophila),
ENSOARG00000003198,ZC3H14,zinc finger CCCH domain-containing protein 14,
ENSOARG00000003204,LOXHD1,lipoxygenase homology domains 1,
ENSOARG00000003231,ISY1,ISY1 splicing factor homolog,
ENSOARG00000003242,ZNF787,zinc finger protein 787,
ENSOARG00000003254,THEMIS2,protein THEMIS2,
ENSOARG00000003255,TOPORS,TOPORS,
ENSOARG00000003305,TMEM94,transmembrane protein 94,
ENSOARG00000003322,IMMP2L,inner mitochondrial membrane peptidase subunit 2,
ENSOARG00000003328,CBY3,chibby family member 3,
ENSOARG00000003361,SULT1A1,sulfotransferase family 1A member 1,
ENSOARG00000003386,VNN2,vanin 2,
ENSOARG00000003420,COA6,cytochrome c oxidase assembly factor 6,
ENSOARG00000003457,POP1,"POP1 homolog, ribonuclease P/MRP subunit",
ENSOARG00000003464,CDC26,cell division cycle 26,
ENSOARG00000003480,RPL23A,ribosomal protein L23a,
ENSOARG00000003488,RPS24,ribosomal protein S24,
ENSOARG00000003505,TRIM64,tripartite motif containing 64,
ENSOARG00000003509,RUFY1,RUN and FYVE domain-containing protein 1,
ENSOARG00000003544,COG8,component of oligomeric golgi complex 8,
ENSOARG00000003552,TMED6,transmembrane p24 trafficking protein 6,
ENSOARG00000003553,NPM1,nucleophosmin,
ENSOARG00000003555,TRIM64,tripartite motif containing 64,
ENSOARG00000003558,NIP7,"NIP7, nucleolar pre-rRNA processing protein",
ENSOARG00000003563,IER3IP1,immediate early response 3 interacting protein 1,
ENSOARG00000003579,EFNA3,ephrin A3,
ENSOARG00000003655,TIMM17A,translocase of inner mitochondrial membrane 17 homolog A (yeast),
ENSOARG00000003683,NDUFA7,NADH:ubiquinone oxidoreductase subunit A7,
ENSOARG00000003684,NPYR4,NPYR4,
ENSOARG00000003692,PMFBP1,polyamine-modulated factor 1-binding protein 1,
ENSOARG00000003770,ZNF850,zinc finger protein 850,
ENSOARG00000003772,FSBP,fibrinogen silencer binding protein,
ENSOARG00000003776,AADAC,AADAC,
ENSOARG00000003780,ZNF850,zinc finger protein 850,
ENSOARG00000003832,RPL10A,RPL10A,
ENSOARG00000003884,NCR3LG1,natural killer cell cytotoxicity receptor 3 ligand 1,
ENSOARG00000003886,CHRAC1,chromatin accessibility complex protein 1,
ENSOARG00000003902,HIGD1A,HIG1 hypoxia inducible domain family member 1A,
ENSOARG00000003909,ZBTB45,zinc finger and BTB domain containing 45,
ENSOARG00000003939,LRRC30,leucine rich repeat containing 30,
ENSOARG00000003953,PPAT,phosphoribosyl pyrophosphate amidotransferase,
ENSOARG00000003960,CDK18,cyclin dependent kinase 18,
ENSOARG00000003975,EVI2A,ecotropic viral integration site 2A,
ENSOARG00000004001,TIM14,TIM14,
ENSOARG00000004004,ANAPC15,anaphase promoting complex subunit 15,
ENSOARG00000004009,TIM14,TIM14,
ENSOARG00000004020,COMMD7,COMM domain containing 7,
ENSOARG00000004029,BHLHA9,basic helix-loop-helix family member a9,
ENSOARG00000004031,ATP6V0E1,ATPase H+ transporting V0 subunit e1,
ENSOARG00000004035,DBIL5,DBIL5,
ENSOARG00000004046,HADHB,HADHB,
ENSOARG00000004056,TIGD1,tigger transposable element derived 1,
ENSOARG00000004065,MCPH1,microcephalin 1,
ENSOARG00000004080,OR1A1,olfactory receptor family 1 subfamily A member 1,
ENSOARG00000004092,CLDN22,claudin 22,
ENSOARG00000004093,OR1A1,olfactory receptor family 1 subfamily A member 1,
ENSOARG00000004097,ASB3,ankyrin repeat and SOCS box protein 3,
ENSOARG00000004101,CLDN22,claudin 22,
ENSOARG00000004105,OR1A1,olfactory receptor family 1 subfamily A member 1,
ENSOARG00000004115,BNIP3L,BCL2 interacting protein 3 like,
ENSOARG00000004142,PHPT1,phosphohistidine phosphatase 1,
ENSOARG00000004150,OR10T2,OR10T2,
ENSOARG00000004164,RPL7L1,ribosomal protein L7 like 1,
ENSOARG00000004180,DTMT,DTMT,
ENSOARG00000004181,PDCD5,programmed cell death 5,
ENSOARG00000004185,PAICS,phosphoribosylaminoimidazole carboxylase; phosphoribosylaminoimidazolesuccinocarboxamide synthase,
ENSOARG00000004188,PRELID1,PRELI domain containing 1,
ENSOARG00000004191,DTMT,DTMT,
ENSOARG00000004192,BOD1,biorientation of chromosomes in cell division 1,
ENSOARG00000004193,ZNF703,zinc finger protein 703,
ENSOARG00000004221,DTMT,DTMT,
ENSOARG00000004242,TFB2M,"dimethyladenosine transferase 2, mitochondrial",
ENSOARG00000004258,MIS12,"MIS12, kinetochore complex component",
ENSOARG00000004268,TARDBP,TAR DNA binding protein,
ENSOARG00000004273,CLRN1,clarin 1,
ENSOARG00000004278,TBC1D12,TBC1 domain family member 12,
ENSOARG00000004290,SYNJ2BP,synaptojanin 2 binding protein,
ENSOARG00000004330,NSG2,NSG2,
ENSOARG00000004351,KRT18,"keratin, type I cytoskeletal 18",
ENSOARG00000004385,ZIC5,Zic family member 5,
ENSOARG00000004388,SMYD3,SET and MYND domain containing 3,
ENSOARG00000004393,RPL9,ribosomal protein L9,
ENSOARG00000004420,TMED9,transmembrane p24 trafficking protein 9,
ENSOARG00000004422,SIRPA,signal regulatory protein alpha,
ENSOARG00000004430,KCNJ12,ATP-sensitive inward rectifier potassium channel 12,
ENSOARG00000004432,RPL38,60S ribosomal protein L38,
ENSOARG00000004438,EZR,ezrin,
ENSOARG00000004460,RPS15A,ribosomal protein S15a,
ENSOARG00000004471,UQCRFS1,"ubiquinol-cytochrome c reductase, Rieske iron-sulfur polypeptide 1",
ENSOARG00000004482,SMYD3,SET and MYND domain containing 3,
ENSOARG00000004492,ERH,enhancer of rudimentary homolog (Drosophila),
ENSOARG00000004506,OTUD1,OTU deubiquitinase 1,
ENSOARG00000004514,RPS14,ribosomal protein S14,
ENSOARG00000004517,FAM107B,family with sequence similarity 107 member B,
ENSOARG00000004530,ZCRB1,zinc finger CCHC-type and RNA binding motif containing 1,
ENSOARG00000004532,DNLZ,DNL-type zinc finger,
ENSOARG00000004538,ZKSCAN7,zinc finger with KRAB and SCAN domains 7,
ENSOARG00000004543,WTIP,Wilms tumor 1 interacting protein,
ENSOARG00000004547,FAM96A,family with sequence similarity 96 member A,
ENSOARG00000004549,TMEM132D,transmembrane protein 132D,
ENSOARG00000004560,RPL7A,RPL7A,
ENSOARG00000004570,ANP32B,acidic nuclear phosphoprotein 32 family member B,
ENSOARG00000004616,RPS14,ribosomal protein S14,
ENSOARG00000004617,HCAR2,hydroxycarboxylic acid receptor 2,
ENSOARG00000004622,ZNF181,zinc finger protein 181,
ENSOARG00000004625,VARS,valyl-tRNA synthetase,
ENSOARG00000004648,RPL6,ribosomal protein L6,
ENSOARG00000004667,RPL6,ribosomal protein L6,
ENSOARG00000004731,CTNNA3,catenin alpha 3,
ENSOARG00000004735,CCDC71L,coiled-coil domain containing 71-like,
ENSOARG00000004739,WIPI3,WIPI3,
ENSOARG00000004742,CFAP36,cilia and flagella associated protein 36,
ENSOARG00000004748,OR7A17,olfactory receptor family 7 subfamily A member 17,
ENSOARG00000004769,OSBPL9,oxysterol binding protein like 9,
ENSOARG00000004778,UBE2H,ubiquitin conjugating enzyme E2 H,
ENSOARG00000004799,PACRG,PARK2 coregulated,
ENSOARG00000004833,RUFY1,RUN and FYVE domain-containing protein 1,
ENSOARG00000004853,MEA1,male-enhanced antigen 1,
ENSOARG00000004854,CMAH,CMAH,
ENSOARG00000004858,HMGN1,high mobility group nucleosome binding domain 1,
ENSOARG00000004877,RPL37,ribosomal protein L37,
ENSOARG00000004909,RNASET2,ribonuclease T2,
ENSOARG00000004918,FGF14,fibroblast growth factor 14,
ENSOARG00000004923,EMG1,ribosomal RNA small subunit methyltransferase NEP1,
ENSOARG00000004939,BTF3,transcription factor BTF3,
ENSOARG00000004965,TMEM81,transmembrane protein 81,
ENSOARG00000004970,CP,CP,
ENSOARG00000004976,RPL10,60S ribosomal protein L10,
ENSOARG00000004986,MRPL41,mitochondrial ribosomal protein L41,
ENSOARG00000004995,RPS15A,ribosomal protein S15a,
ENSOARG00000005002,ALG1,"ALG1, chitobiosyldiphosphodolichol beta-mannosyltransferase",
ENSOARG00000005013,U2AF1L4,splicing factor U2AF 26 kDa subunit,
ENSOARG00000005020,PSENEN,presenilin enhancer gamma-secretase subunit,
ENSOARG00000005024,RPL23A,ribosomal protein L23a,
ENSOARG00000005067,VHL,von Hippel-Lindau tumor suppressor,
ENSOARG00000005096,ENPP3,ENPP3,
ENSOARG00000005104,BLVRA,biliverdin reductase A,
ENSOARG00000005113,FAM72A,family with sequence similarity 72 member A,
ENSOARG00000005134,ATP5J2,"ATP synthase, H+ transporting, mitochondrial Fo complex subunit F2",
ENSOARG00000005135,RBFOX1,RNA binding protein fox-1 homolog 1,
ENSOARG00000005142,TBP,TATA-box binding protein,
ENSOARG00000005172,COX17,"COX17, cytochrome c oxidase copper chaperone",
ENSOARG00000005255,MSH5,mutS protein homolog 5,
ENSOARG00000005256,IER5,immediate early response 5,
ENSOARG00000005272,AIF1L,allograft inflammatory factor 1 like,
ENSOARG00000005325,METTL21E,protein-lysine methyltransferase METTL21E,
ENSOARG00000005329,ZNF566,zinc finger protein 566,
ENSOARG00000005340,ZFP14,ZFP14 zinc finger protein,
ENSOARG00000005353,ELFN1,extracellular leucine rich repeat and fibronectin type III domain containing 1,
ENSOARG00000005393,NDUFAF2,NADH:ubiquinone oxidoreductase complex assembly factor 2,
ENSOARG00000005394,PPP1R14B,protein phosphatase 1 regulatory inhibitor subunit 14B,
ENSOARG00000005415,PRRT3,proline rich transmembrane protein 3,
ENSOARG00000005425,SMN1,survival motor neuron protein,
ENSOARG00000005435,NRADD,NRADD,
ENSOARG00000005436,FAM65B,family with sequence similarity 65 member B,
ENSOARG00000005441,ZFP30,ZFP30 zinc finger protein,
ENSOARG00000005443,DNAJB1,DNAJB1,
ENSOARG00000005449,MMD,monocyte to macrophage differentiation associated,
ENSOARG00000005452,MMD,monocyte to macrophage differentiation associated,
ENSOARG00000005468,SPIN2B,spindlin family member 2B,
ENSOARG00000005485,SPIN2B,spindlin family member 2B,
ENSOARG00000005496,GTF2H2,general transcription factor IIH subunit 2,
ENSOARG00000005508,SPIN2,SPIN2,
ENSOARG00000005527,DLGAP2,disks large-associated protein 2,
ENSOARG00000005529,UBE2F,ubiquitin conjugating enzyme E2 F (putative),
ENSOARG00000005557,PLSCR1,phospholipid scramblase 1,
ENSOARG00000005594,RPL10,60S ribosomal protein L10,
ENSOARG00000005597,SLC25A44,solute carrier family 25 member 44,
ENSOARG00000005598,PLSCR1,phospholipid scramblase 1,
ENSOARG00000005632,EFCAB14,EF-hand calcium binding domain 14,
ENSOARG00000005671,HBS1L,HBS1 like translational GTPase,
ENSOARG00000005695,PFN1,PFN1,
ENSOARG00000005699,UFC1,ubiquitin-fold modifier conjugating enzyme 1,
ENSOARG00000005717,RPS6,ribosomal protein S6,
ENSOARG00000005759,CCNB1,cyclin B1,
ENSOARG00000005781,IRX1,iroquois-class homeodomain protein IRX-1,
ENSOARG00000005800,CKB,creatine kinase B,
ENSOARG00000005814,PDLIM1,PDZ and LIM domain 1,
ENSOARG00000005822,LGALS7,galectin 7,
ENSOARG00000005825,ECHDC2,enoyl-CoA hydratase domain containing 2,
ENSOARG00000005829,LGALS7,galectin 7,
ENSOARG00000005831,ZNF451,zinc finger protein 451,
ENSOARG00000005867,RHOG,ras homolog family member G,
ENSOARG00000005893,PDCD5,programmed cell death 5,
ENSOARG00000005897,IRS2,insulin receptor substrate 2,
ENSOARG00000005912,TMED9,transmembrane p24 trafficking protein 9,
ENSOARG00000005915,ECHDC2,enoyl-CoA hydratase domain containing 2,
ENSOARG00000005925,RPL37,ribosomal protein L37,
ENSOARG00000005934,RPL23A,ribosomal protein L23a,
ENSOARG00000005943,PABPC1L2A,poly(A) binding protein cytoplasmic 1 like 2A,
ENSOARG00000005948,PSMB6,proteasome subunit beta 6,
ENSOARG00000005962,FBXO27,F-box protein 27,
ENSOARG00000005964,BBS1,Bardet-Biedl syndrome 1,
ENSOARG00000005982,PAICS,phosphoribosylaminoimidazole carboxylase; phosphoribosylaminoimidazolesuccinocarboxamide synthase,
ENSOARG00000006021,PRELID1,PRELI domain containing 1,
ENSOARG00000006035,RPS15A,ribosomal protein S15a,
ENSOARG00000006036,NFU1,NFU1 iron-sulfur cluster scaffold,
ENSOARG00000006052,RPL4,ribosomal protein L4,
ENSOARG00000006074,BTF3,transcription factor BTF3,
ENSOARG00000006089,CCT2,chaperonin containing TCP1 subunit 2,
ENSOARG00000006143,EPS8L2,EPS8 like 2,
ENSOARG00000006158,OR52E4,olfactory receptor family 52 subfamily E member 4,
ENSOARG00000006165,SLC25A30,solute carrier family 25 member 30,
ENSOARG00000006177,TMEM80,transmembrane protein 80,
ENSOARG00000006223,CUL7,cullin 7,
ENSOARG00000006243,PRPF18,pre-mRNA processing factor 18,
ENSOARG00000006245,OR51G2,OR51G2,
ENSOARG00000006247,DACH2,dachshund family transcription factor 2,
ENSOARG00000006255,POLE3,"DNA polymerase epsilon 3, accessory subunit",
ENSOARG00000006278,OR51A4,olfactory receptor family 51 subfamily A member 4,
ENSOARG00000006296,OR51A4,olfactory receptor family 51 subfamily A member 4,
ENSOARG00000006310,WFDC3,WAP four-disulfide core domain 3,
ENSOARG00000006325,DTD2,D-tyrosyl-tRNA deacylase 2 (putative),
ENSOARG00000006332,CDC26,cell division cycle 26,
ENSOARG00000006334,DYRK1B,dual specificity tyrosine phosphorylation regulated kinase 1B,
ENSOARG00000006350,MTA3,metastasis associated 1 family member 3,
ENSOARG00000006411,MED27,mediator complex subunit 27,
ENSOARG00000006415,SFR1,SWI5 dependent homologous recombination repair protein 1,
ENSOARG00000006430,DEFB107A,defensin beta 107A,
ENSOARG00000006433,DEFB105,DEFB105,
ENSOARG00000006467,TSR2,"TSR2, ribosome maturation factor",
ENSOARG00000006475,OR51F2,olfactory receptor family 51 subfamily F member 2,
ENSOARG00000006490,OR51F2,olfactory receptor family 51 subfamily F member 2,
ENSOARG00000006505,OR51F2,olfactory receptor family 51 subfamily F member 2,
ENSOARG00000006529,CIR1,"corepressor interacting with RBPJ, 1",
ENSOARG00000006572,TEX40,testis expressed 40,
ENSOARG00000006579,OR52M1,OR52M1,
ENSOARG00000006595,DSCAM,DSCAM,
ENSOARG00000006628,OR51G2,OR51G2,
ENSOARG00000006646,OR52B4,OR52B4,
ENSOARG00000006659,PTGR1,prostaglandin reductase 1,
ENSOARG00000006661,CDH23,cadherin-23,
ENSOARG00000006672,ZNF483,zinc finger protein 483,
ENSOARG00000006686,PI4K2B,phosphatidylinositol 4-kinase type 2 beta,
ENSOARG00000006694,NDUFC2,NADH:ubiquinone oxidoreductase subunit C2,
ENSOARG00000006696,OR52K1,olfactory receptor family 52 subfamily K member 1,
ENSOARG00000006700,MXRA7,matrix remodeling associated 7,
ENSOARG00000006713,LY6G5B,"lymphocyte antigen 6 complex, locus G5B",
ENSOARG00000006716,ENTPD1,ectonucleoside triphosphate diphosphohydrolase 1,
ENSOARG00000006724,PSMA1,proteasome subunit alpha 1,
ENSOARG00000006743,PCDH8,protocadherin-8,
ENSOARG00000006751,OR2AT4,olfactory receptor family 2 subfamily AT member 4,
ENSOARG00000006770,OR2AT4,olfactory receptor family 2 subfamily AT member 4,
ENSOARG00000006777,TMEM170A,transmembrane protein 170A,
ENSOARG00000006795,SC5D,sterol-C5-desaturase,
ENSOARG00000006818,RPS15A,ribosomal protein S15a,
ENSOARG00000006835,FAM107B,family with sequence similarity 107 member B,
ENSOARG00000006841,ENTPD1,ectonucleoside triphosphate diphosphohydrolase 1,
ENSOARG00000006847,TMEM231,transmembrane protein 231,
ENSOARG00000006861,PRR22,proline rich 22,
ENSOARG00000006865,ATOX1,ATOX1,
ENSOARG00000006882,HOXB8,homeobox B8,
ENSOARG00000006886,IQCF3,IQ motif containing F3,
ENSOARG00000006904,OR56A4,olfactory receptor family 56 subfamily A member 4,
ENSOARG00000006911,SLFN12L,schlafen family member 12 like,
ENSOARG00000006917,OR56A3,OR56A3,
ENSOARG00000006921,OR10T2,OR10T2,
ENSOARG00000006942,SHH,sonic hedgehog,
ENSOARG00000006955,OR10K1,OR10K1,
ENSOARG00000006970,MIA,melanoma inhibitory activity,
ENSOARG00000006978,RAB4B,"RAB4B, member RAS oncogene family",
ENSOARG00000006991,MCM2,minichromosome maintenance complex component 2,
ENSOARG00000007015,CYB5RL,cytochrome b5 reductase like,
ENSOARG00000007018,NDUFA11,NADH:ubiquinone oxidoreductase subunit A11,
ENSOARG00000007039,AGRN,agrin,
ENSOARG00000007044,OC90,otoconin-90,
ENSOARG00000007072,COPB1,COPB1,
ENSOARG00000007098,OR52D1,OR52D1,
ENSOARG00000007111,KBTBD4,kelch repeat and BTB domain containing 4,
ENSOARG00000007113,OR52H1,OR52H1,
ENSOARG00000007123,PRR22,proline rich 22,
ENSOARG00000007125,CLNS1A,chloride nucleotide-sensitive channel 1A,
ENSOARG00000007131,OR52H1,OR52H1,
ENSOARG00000007149,OR52H1,OR52H1,
ENSOARG00000007156,SNX29,sorting nexin 29,
ENSOARG00000007158,PITHD1,PITH domain containing 1,
ENSOARG00000007159,ASPG,asparaginase,
ENSOARG00000007171,CYP2G1,CYP2G1,
ENSOARG00000007175,AIF1L,allograft inflammatory factor 1 like,
ENSOARG00000007180,SRCAP,helicase SRCAP,
ENSOARG00000007197,KIF26A,kinesin family member 26A,
ENSOARG00000007215,CPPED1,serine/threonine-protein phosphatase CPPED1,
ENSOARG00000007218,OR51I2,OR51I2,
ENSOARG00000007222,KIF26A,kinesin family member 26A,
ENSOARG00000007235,OR51I2,OR51I2,
ENSOARG00000007253,CPPED1,serine/threonine-protein phosphatase CPPED1,
ENSOARG00000007287,SHISA9,shisa family member 9,
ENSOARG00000007308,OR51I1,OR51I1,
ENSOARG00000007319,GDPD4,glycerophosphodiester phosphodiesterase domain-containing protein 4-like,
ENSOARG00000007325,OR51M1,olfactory receptor family 51 subfamily M member 1,
ENSOARG00000007327,IMPACT,impact RWD domain protein,
ENSOARG00000007328,RPS14,ribosomal protein S14,
ENSOARG00000007342,OR51M1,olfactory receptor family 51 subfamily M member 1,
ENSOARG00000007347,ASPG,asparaginase,
ENSOARG00000007351,KIAA0391,KIAA0391,
ENSOARG00000007361,GDPD4,glycerophosphodiester phosphodiesterase domain-containing protein 4-like,
ENSOARG00000007373,MTA3,metastasis associated 1 family member 3,
ENSOARG00000007402,OR52A5,olfactory receptor family 52 subfamily A member 5,
ENSOARG00000007404,MROH7,maestro heat like repeat family member 7,
ENSOARG00000007413,GDPD4,glycerophosphodiester phosphodiesterase domain-containing protein 4-like,
ENSOARG00000007414,AKR1B1,aldo-keto reductase family 1 member B,
ENSOARG00000007415,OR52A1,olfactory receptor family 52 subfamily A member 1,
ENSOARG00000007425,SIRPA,signal regulatory protein alpha,
ENSOARG00000007431,OR51V1,OR51V1,
ENSOARG00000007446,GSTO1,glutathione S-transferase omega 1,
ENSOARG00000007450,OR52A5,olfactory receptor family 52 subfamily A member 5,
ENSOARG00000007463,COX7A2L,cytochrome c oxidase subunit 7A2 like,
ENSOARG00000007474,LAMB4,laminin subunit beta 4,
ENSOARG00000007477,ASC1,ASC1,
ENSOARG00000007479,OR51V1,OR51V1,
ENSOARG00000007499,OR51A4,olfactory receptor family 51 subfamily A member 4,
ENSOARG00000007504,GSTO1,glutathione S-transferase omega 1,
ENSOARG00000007518,CSAD,cysteine sulfinic acid decarboxylase,
ENSOARG00000007520,PKIA,"protein kinase (cAMP-dependent, catalytic) inhibitor alpha",
ENSOARG00000007532,OR51G2,OR51G2,
ENSOARG00000007534,LACC1,laccase domain containing 1,
ENSOARG00000007572,BEX2,brain expressed X-linked 2,
ENSOARG00000007573,TAP2,antigen peptide transporter 2,
ENSOARG00000007583,OR52A1,olfactory receptor family 52 subfamily A member 1,
ENSOARG00000007595,KCNE1,potassium voltage-gated channel subfamily E regulatory subunit 1,
ENSOARG00000007596,OR52K1,olfactory receptor family 52 subfamily K member 1,
ENSOARG00000007598,TMEFF1,transmembrane protein with EGF like and two follistatin like domains 1,
ENSOARG00000007599,FSBP,fibrinogen silencer binding protein,
ENSOARG00000007613,OR52A1,olfactory receptor family 52 subfamily A member 1,
ENSOARG00000007620,SLC25A30,solute carrier family 25 member 30,
ENSOARG00000007642,OR52K2,OR52K2,
ENSOARG00000007652,TMPRSS11E,TMPRSS11E,
ENSOARG00000007653,OR52E4,olfactory receptor family 52 subfamily E member 4,
ENSOARG00000007679,SLC8A1,solute carrier family 8 member A1,
ENSOARG00000007691,RAD54B,RAD54 homolog B (S. cerevisiae),
ENSOARG00000007700,RBM4,RNA-binding protein 4,
ENSOARG00000007706,RNF146,E3 ubiquitin-protein ligase RNF146,
ENSOARG00000007811,PHF11,PHD finger protein 11,
ENSOARG00000007835,PCMTD2,protein-L-isoaspartate (D-aspartate) O-methyltransferase domain containing 2,
ENSOARG00000007848,MSI2,musashi RNA binding protein 2,
ENSOARG00000007860,ATP5L,"ATP synthase, H+ transporting, mitochondrial Fo complex subunit G",
ENSOARG00000007869,UPF3B,regulator of nonsense transcripts 3B,
ENSOARG00000007887,SYNPO2L,synaptopodin 2 like,
ENSOARG00000007893,CEP170B,centrosomal protein 170B,
ENSOARG00000007913,SPATA31E1,spermatogenesis-associated protein 31E1-like,
ENSOARG00000007919,NELL1,neural EGFL like 1,
ENSOARG00000007920,TAC3,tachykinin 3,
ENSOARG00000007956,TRIM54,TRIM54,
ENSOARG00000007961,AKAP17A,A-kinase anchoring protein 17A,
ENSOARG00000007962,CXorf40A,chromosome X open reading frame 40A,
ENSOARG00000008022,SORBS2,sorbin and SH3 domain containing 2,
ENSOARG00000008023,NASP,nuclear autoantigenic sperm protein,
ENSOARG00000008032,CBFA2T2,CBFA2/RUNX1 translocation partner 2,
ENSOARG00000008040,CTF1,cardiotrophin 1,
ENSOARG00000008052,GSK3A,glycogen synthase kinase 3 alpha,
ENSOARG00000008072,TRDN,triadin,
ENSOARG00000008109,RPL23A,ribosomal protein L23a,
ENSOARG00000008150,MOCS2,molybdenum cofactor synthesis 2,
ENSOARG00000008157,CABLES1,Cdk5 and Abl enzyme substrate 1,
ENSOARG00000008168,RPS25,ribosomal protein S25,
ENSOARG00000008182,MED4,mediator complex subunit 4,
ENSOARG00000008201,RBBP8,"RB binding protein 8, endonuclease",
ENSOARG00000008219,LKAAEAR1,LKAAEAR motif containing 1,
ENSOARG00000008223,RBBP8,"RB binding protein 8, endonuclease",
ENSOARG00000008225,SLC25A51,solute carrier family 25 member 51,
ENSOARG00000008257,PTPRS,"protein tyrosine phosphatase, receptor type S",
ENSOARG00000008261,ATMIN,ATM interactor,
ENSOARG00000008266,LHFPL3,lipoma HMGIC fusion partner-like 3,
ENSOARG00000008276,NACA,nascent polypeptide-associated complex subunit alpha,
ENSOARG00000008278,LHFPL3,lipoma HMGIC fusion partner-like 3,
ENSOARG00000008307,CCDC71L,coiled-coil domain containing 71-like,
ENSOARG00000008325,GPR141,GPR141,
ENSOARG00000008339,ARPC1A,actin related protein 2/3 complex subunit 1A,
ENSOARG00000008375,PKD1L2,polycystin 1 like 2 (gene/pseudogene),
ENSOARG00000008422,MAGEA10,MAGE family member A10,
ENSOARG00000008437,CACNB4,calcium voltage-gated channel auxiliary subunit beta 4,
ENSOARG00000008450,GRK1,G protein-coupled receptor kinase 1,
ENSOARG00000008454,CDK3,cyclin-dependent kinase 3,
ENSOARG00000008467,RPS15A,ribosomal protein S15a,
ENSOARG00000008493,OR4C46,olfactory receptor family 4 subfamily C member 46,
ENSOARG00000008501,CXCL17,VEGF coregulated chemokine 1,
ENSOARG00000008531,PHF11,PHD finger protein 11,
ENSOARG00000008546,ERCC6L2,DNA excision repair protein ERCC-6-like 2,
ENSOARG00000008562,SERF1A,small EDRK-rich factor 1A,
ENSOARG00000008565,TPD52L3,tumor protein D52 like 3,
ENSOARG00000008566,SETMAR,SET domain and mariner transposase fusion gene,
ENSOARG00000008591,ZNF623,zinc finger protein 623,
ENSOARG00000008593,AIMP1,aminoacyl tRNA synthetase complex interacting multifunctional protein 1,
ENSOARG00000008621,AOPEP,aminopeptidase O,
ENSOARG00000008634,AOPEP,aminopeptidase O,
ENSOARG00000008656,FBLIM1,filamin binding LIM protein 1,
ENSOARG00000008702,CYP2J2,cytochrome P450 family 2 subfamily J member 2,
ENSOARG00000008705,MICAL2,protein-methionine sulfoxide oxidase MICAL2,
ENSOARG00000008711,DTD1,D-tyrosyl-tRNA deacylase 1,
ENSOARG00000008716,CPEB2,cytoplasmic polyadenylation element binding protein 2,
ENSOARG00000008718,CYP2J2,cytochrome P450 family 2 subfamily J member 2,
ENSOARG00000008725,LCOR,LCOR,
ENSOARG00000008728,PAPSS1,3'-phosphoadenosine 5'-phosphosulfate synthase 1,
ENSOARG00000008741,DUSP13,dual specificity phosphatase 13,
ENSOARG00000008833,TMEM121,transmembrane protein 121,
ENSOARG00000008863,PRSS36,"protease, serine 36",
ENSOARG00000008886,OR5V1,OR5V1,
ENSOARG00000008889,VAMP3,vesicle associated membrane protein 3,
ENSOARG00000008904,ZNF160,zinc finger protein 160-like,
ENSOARG00000008933,OR2G3,OR2G3,
ENSOARG00000008942,SLC2A5,"solute carrier family 2, facilitated glucose transporter member 5",
ENSOARG00000008945,OR2W1,OR2W1,
ENSOARG00000008954,OR2H2,olfactory receptor family 2 subfamily H member 2,
ENSOARG00000008968,SMS,SMS,
ENSOARG00000008979,OR2B11,OR2B11,
ENSOARG00000008989,OR10C1,OR10C1,
ENSOARG00000009002,OR2B11,OR2B11,
ENSOARG00000009012,OR10C1,OR10C1,
ENSOARG00000009027,OR10C1,OR10C1,
ENSOARG00000009047,STEAP1,STEAP family member 1,
ENSOARG00000009055,XKR6,XK related 6,
ENSOARG00000009060,ZSCAN26,zinc finger and SCAN domain containing 26,
ENSOARG00000009063,C1QL3,complement C1q like 3,
ENSOARG00000009070,RPL7L1,ribosomal protein L7 like 1,
ENSOARG00000009075,SNURF,SNRPN upstream reading frame,
ENSOARG00000009088,ZSCAN16,zinc finger and SCAN domain containing 16,
ENSOARG00000009093,MRGPRX2,MAS related GPR family member X2,
ENSOARG00000009095,FAM205A,family with sequence similarity 205 member A,
ENSOARG00000009111,AIMP1,aminoacyl tRNA synthetase complex interacting multifunctional protein 1,
ENSOARG00000009134,OR2B2,olfactory receptor family 2 subfamily B member 2,
ENSOARG00000009186,OR2B2,olfactory receptor family 2 subfamily B member 2,
ENSOARG00000009220,MUL1,mitochondrial E3 ubiquitin protein ligase 1,
ENSOARG00000009265,FAM26D,family with sequence similarity 26 member D,
ENSOARG00000009271,CCDC103,coiled-coil domain containing 103,
ENSOARG00000009285,CCT4,chaperonin containing TCP1 subunit 4,
ENSOARG00000009288,RPL27,60S ribosomal protein L27,
ENSOARG00000009299,TSTD1,thiosulfate sulfurtransferase like domain containing 1,
ENSOARG00000009300,HIBADH,3-hydroxyisobutyrate dehydrogenase,
ENSOARG00000009307,SH3RF1,SH3 domain containing ring finger 1,
ENSOARG00000009331,MAGEA10,MAGE family member A10,
ENSOARG00000009336,AIMP1,aminoacyl tRNA synthetase complex interacting multifunctional protein 1,
ENSOARG00000009350,MAGEA10,MAGE family member A10,
ENSOARG00000009354,AHCY,adenosylhomocysteinase,
ENSOARG00000009365,COMMD7,COMM domain containing 7,
ENSOARG00000009373,SELS,SELS,
ENSOARG00000009375,MPHOSPH6,M-phase phosphoprotein 6,
ENSOARG00000009377,UGT2C1,UGT2C1,
ENSOARG00000009402,CNPY2,canopy FGF signaling regulator 2,
ENSOARG00000009435,NDUFA9,NADH:ubiquinone oxidoreductase subunit A9,
ENSOARG00000009444,IDS,iduronate 2-sulfatase,
ENSOARG00000009448,XRCC6,X-ray repair cross complementing 6,
ENSOARG00000009458,AQP7,aquaporin 7,
ENSOARG00000009467,BUB3,"BUB3, mitotic checkpoint protein",
ENSOARG00000009482,ARHGAP19,Rho GTPase activating protein 19,
ENSOARG00000009487,TSR2,"TSR2, ribosome maturation factor",
ENSOARG00000009495,BAP18,BAP18,
ENSOARG00000009501,MPHOSPH6,M-phase phosphoprotein 6,
ENSOARG00000009504,PFDN2,prefoldin subunit 2,
ENSOARG00000009513,CYB561D2,cytochrome b561 family member D2,
ENSOARG00000009527,MARCKS,myristoylated alanine rich protein kinase C substrate,
ENSOARG00000009537,DUSP5,dual specificity phosphatase 5,
ENSOARG00000009541,UGT2C1,UGT2C1,
ENSOARG00000009550,HOXA13,homeobox A13,
ENSOARG00000009562,AHCY,adenosylhomocysteinase,
ENSOARG00000009582,LRAT,lecithin retinol acyltransferase (phosphatidylcholine--retinol O-acyltransferase),
ENSOARG00000009588,RYBP,RING1 and YY1 binding protein,
ENSOARG00000009593,NMT1,N-myristoyltransferase 1,
ENSOARG00000009597,HS6ST2,heparan sulfate 6-O-sulfotransferase 2,
ENSOARG00000009605,UFC1,ubiquitin-fold modifier conjugating enzyme 1,
ENSOARG00000009639,GULO,GULO,
ENSOARG00000009640,C1GALT1C1,C1GALT1 specific chaperone 1,
ENSOARG00000009648,PPOX,protoporphyrinogen oxidase,
ENSOARG00000009669,HMGN1,high mobility group nucleosome binding domain 1,
ENSOARG00000009680,HOXA9,homeobox A9,
ENSOARG00000009688,RERE,arginine-glutamic acid dipeptide repeats,
ENSOARG00000009690,DCAF12L2,DDB1- and CUL4-associated factor 12-like protein 2,
ENSOARG00000009698,GOLGA3,golgin subfamily A member 3,
ENSOARG00000009703,RPS24,ribosomal protein S24,
ENSOARG00000009708,UGT2C1,UGT2C1,
ENSOARG00000009712,MLYCD,malonyl-CoA decarboxylase,
ENSOARG00000009716,EXOC3L2,exocyst complex component 3-like protein 2,
ENSOARG00000009741,WDR34,WD repeat domain 34,
ENSOARG00000009765,RPL6,ribosomal protein L6,
ENSOARG00000009771,RNF113A,ring finger protein 113A,
ENSOARG00000009780,ZRANB2,zinc finger RANBP2-type containing 2,
ENSOARG00000009786,BNIP3L,BCL2 interacting protein 3 like,
ENSOARG00000009789,HOXA4,homeobox A4,
ENSOARG00000009790,OSBPL1A,oxysterol binding protein like 1A,
ENSOARG00000009799,NBL1,"neuroblastoma 1, DAN family BMP antagonist",
ENSOARG00000009816,CELA2A,chymotrypsin-like elastase family member 2A,
ENSOARG00000009871,HECTD4,HECT domain E3 ubiquitin protein ligase 4,
ENSOARG00000009873,BNIP3L,BCL2 interacting protein 3 like,
ENSOARG00000009886,RPF2,ribosome production factor 2 homolog,
ENSOARG00000009925,MRPS17,mitochondrial ribosomal protein S17,
ENSOARG00000009927,AMD1,S-adenosylmethionine decarboxylase proenzyme,
ENSOARG00000009933,ANAPC10,anaphase promoting complex subunit 10,
ENSOARG00000009940,CENPO,centromere protein O,
ENSOARG00000010011,CCT6A,chaperonin containing TCP1 subunit 6A,
ENSOARG00000010012,SNX10,sorting nexin-10,
ENSOARG00000010018,MKRN1,makorin ring finger protein 1,
ENSOARG00000010091,RPS13,RPS13,
ENSOARG00000010111,ARMCX6,"armadillo repeat containing, X-linked 6",
ENSOARG00000010119,DDX49,DEAD-box helicase 49,
ENSOARG00000010154,FJX1,four jointed box 1,
ENSOARG00000010159,BEX2,brain expressed X-linked 2,
ENSOARG00000010175,ETFA,electron transfer flavoprotein alpha subunit,
ENSOARG00000010259,OR8G1,olfactory receptor family 8 subfamily G member 1 (gene/pseudogene),
ENSOARG00000010264,PDLIM2,PDZ and LIM domain 2,
ENSOARG00000010273,SIX5,homeobox protein SIX5,
ENSOARG00000010274,DPPA4,developmental pluripotency associated 4,
ENSOARG00000010292,HNRNPC,heterogeneous nuclear ribonucleoproteins C1/C2,
ENSOARG00000010297,PSMB6,proteasome subunit beta 6,
ENSOARG00000010300,SUPT3H,"SPT3 homolog, SAGA and STAGA complex component",
ENSOARG00000010303,TP53INP2,tumor protein p53 inducible nuclear protein 2,
ENSOARG00000010320,ADRA1B,adrenoceptor alpha 1B,
ENSOARG00000010324,SLC39A14,solute carrier family 39 member 14,
ENSOARG00000010335,PA2G4,proliferation-associated 2G4,
ENSOARG00000010371,WSB1,WD repeat and SOCS box-containing protein 1,
ENSOARG00000010376,TTC27,tetratricopeptide repeat domain 27,
ENSOARG00000010379,NRG3,neuregulin 3,
ENSOARG00000010383,HMGB2,high mobility group box 2,
ENSOARG00000010402,KIF11,kinesin family member 11,
ENSOARG00000010413,RPS25,ribosomal protein S25,
ENSOARG00000010446,LEMD2,LEM domain containing 2,
ENSOARG00000010451,GSR,glutathione-disulfide reductase,
ENSOARG00000010485,CKMT1,CKMT1,
ENSOARG00000010490,DCLK1,doublecortin like kinase 1,
ENSOARG00000010501,BBIP1,BBSome interacting protein 1,
ENSOARG00000010503,PITHD1,PITH domain containing 1,
ENSOARG00000010579,TRUB2,TruB pseudouridine synthase family member 2,
ENSOARG00000010583,NUDT3,nudix hydrolase 3,
ENSOARG00000010590,VAMP3,vesicle associated membrane protein 3,
ENSOARG00000010592,RPS10,ribosomal protein S10,
ENSOARG00000010612,OR1F1,olfactory receptor family 1 subfamily F member 1,
ENSOARG00000010621,OR1F1,olfactory receptor family 1 subfamily F member 1,
ENSOARG00000010641,VASN,vasorin,
ENSOARG00000010657,TARDBP,TAR DNA binding protein,
ENSOARG00000010669,FGF13,fibroblast growth factor 13,
ENSOARG00000010676,DNAJA1,DnaJ heat shock protein family (Hsp40) member A1,
ENSOARG00000010725,GOSR2,golgi SNAP receptor complex member 2,
ENSOARG00000010747,SYP,synaptophysin,
ENSOARG00000010752,ALDH3A2,aldehyde dehydrogenase 3 family member A2,
ENSOARG00000010757,AUTS2,autism susceptibility candidate 2,
ENSOARG00000010790,INPP1,inositol polyphosphate-1-phosphatase,
ENSOARG00000010825,AUTS2,autism susceptibility candidate 2,
ENSOARG00000010827,CXXC4,CXXC finger protein 4,
ENSOARG00000010850,TM9SF2,TM9SF2,
ENSOARG00000010858,VGF,VGF nerve growth factor inducible,
ENSOARG00000010862,EXOC4,exocyst complex component 4,
ENSOARG00000010918,CTBP2,C-terminal-binding protein 2,
ENSOARG00000010924,EXOSC6,exosome component 6,
ENSOARG00000010938,SLC39A14,solute carrier family 39 member 14,
ENSOARG00000010940,SKP2,"S-phase kinase-associated protein 2, E3 ubiquitin protein ligase",
ENSOARG00000010961,KATNBL1,katanin regulatory subunit B1 like 1,
ENSOARG00000010995,PPDPF,pancreatic progenitor cell differentiation and proliferation factor,
ENSOARG00000011001,N4BP2L2,NEDD4 binding protein 2 like 2,
ENSOARG00000011006,TAF11,TATA-box binding protein associated factor 11,
ENSOARG00000011009,TEX14,"testis expressed 14, intercellular bridge forming factor",
ENSOARG00000011013,MED4,mediator complex subunit 4,
ENSOARG00000011025,PRAME,PRAME,
ENSOARG00000011028,OR140,OR140,
ENSOARG00000011042,TMEM198,TMEM198,
ENSOARG00000011047,OR4C46,olfactory receptor family 4 subfamily C member 46,
ENSOARG00000011053,HAS2,hyaluronan synthase 2,
ENSOARG00000011079,CHMP5,charged multivesicular body protein 5,
ENSOARG00000011088,FAM136A,family with sequence similarity 136 member A,
ENSOARG00000011094,QRSL1,glutaminyl-tRNA synthase (glutamine-hydrolyzing)-like 1,
ENSOARG00000011118,CORO2A,coronin 2A,
ENSOARG00000011120,DNAJC14,DnaJ heat shock protein family (Hsp40) member C14,
ENSOARG00000011128,CBS,cystathionine-beta-synthase,
ENSOARG00000011154,ANP32B,acidic nuclear phosphoprotein 32 family member B,
ENSOARG00000011164,RRAGC,Ras related GTP binding C,
ENSOARG00000011170,CRHR1,corticotropin-releasing factor receptor 1,
ENSOARG00000011194,OR140,OR140,
ENSOARG00000011199,ATG5,autophagy related 5,
ENSOARG00000011215,HTATSF1,HIV-1 Tat specific factor 1,
ENSOARG00000011241,FFAR3,free fatty acid receptor 3,
ENSOARG00000011275,HMGN1,high mobility group nucleosome binding domain 1,
ENSOARG00000011313,CD63,CD63 antigen,
ENSOARG00000011341,TEX261,testis expressed 261,
ENSOARG00000011345,PDXK,"pyridoxal (pyridoxine, vitamin B6) kinase",
ENSOARG00000011377,CSTB,cystatin B,
ENSOARG00000011390,PRAME,PRAME,
ENSOARG00000011405,CSTB,cystatin B,
ENSOARG00000011429,BLOC1S3,biogenesis of lysosomal organelles complex 1 subunit 3,
ENSOARG00000011430,TOMM5,translocase of outer mitochondrial membrane 5,
ENSOARG00000011471,OR8K3,olfactory receptor family 8 subfamily K member 3 (gene/pseudogene),
ENSOARG00000011480,VN1R4,VN1R4,
ENSOARG00000011520,FAM57A,family with sequence similarity 57 member A,
ENSOARG00000011538,VPS33A,"VPS33A, CORVET/HOPS core subunit",
ENSOARG00000011547,FOXF1,forkhead box F1,
ENSOARG00000011561,MMGT1,membrane magnesium transporter 1,
ENSOARG00000011590,TRAPPC10,trafficking protein particle complex 10,
ENSOARG00000011591,VN1R2,vomeronasal 1 receptor 2,
ENSOARG00000011605,RPL9,ribosomal protein L9,
ENSOARG00000011609,OR8K3,olfactory receptor family 8 subfamily K member 3 (gene/pseudogene),
ENSOARG00000011629,RPS10,ribosomal protein S10,
ENSOARG00000011641,LSM6,"LSM6 homolog, U6 small nuclear RNA and mRNA degradation associated",
ENSOARG00000011643,EMX1,empty spiracles homeobox 1,
ENSOARG00000011664,SENP8,"SUMO/sentrin peptidase family member, NEDD8 specific",
ENSOARG00000011672,PWP2,periodic tryptophan protein 2 homolog,
ENSOARG00000011677,BCCIP,BRCA2 and CDKN1A-interacting protein,
ENSOARG00000011693,CAPZA2,capping actin protein of muscle Z-line alpha subunit 2,
ENSOARG00000011701,TMEM8B,transmembrane protein 8B,
ENSOARG00000011711,LOC102724023,LOC102724023,
ENSOARG00000011738,ICOSLG,inducible T-cell costimulator ligand,
ENSOARG00000011763,RPS15,40S ribosomal protein S15,
ENSOARG00000011765,OR8K3,olfactory receptor family 8 subfamily K member 3 (gene/pseudogene),
ENSOARG00000011773,DNMT3L,DNA (cytosine-5)-methyltransferase 3-like,
ENSOARG00000011781,OR49,OR49,
ENSOARG00000011805,RPLP0,ribosomal protein lateral stalk subunit P0,
ENSOARG00000011806,TSTD3,thiosulfate sulfurtransferase (rhodanese)-like domain containing 3,
ENSOARG00000011815,C1QTNF3,C1q and tumor necrosis factor related protein 3,
ENSOARG00000011822,PTPRG,"protein tyrosine phosphatase, receptor type G",
ENSOARG00000011849,COL19A1,collagen type XIX alpha 1 chain,
ENSOARG00000011908,RNF135,ring finger protein 135,
ENSOARG00000011912,OR8J3,olfactory receptor family 8 subfamily J member 3,
ENSOARG00000011920,STEAP1,STEAP family member 1,
ENSOARG00000011924,COL19A1,collagen type XIX alpha 1 chain,
ENSOARG00000011994,NEURL4,neuralized-like protein 4,
ENSOARG00000012029,PRRX1,paired related homeobox 1,
ENSOARG00000012030,MOGAT2,monoacylglycerol O-acyltransferase 2,
ENSOARG00000012037,CORO2A,coronin 2A,
ENSOARG00000012041,OR8J3,olfactory receptor family 8 subfamily J member 3,
ENSOARG00000012049,OR2L2,olfactory receptor family 2 subfamily L member 2,
ENSOARG00000012056,NDUFAF4,NADH:ubiquinone oxidoreductase complex assembly factor 4,
ENSOARG00000012058,OR8J3,olfactory receptor family 8 subfamily J member 3,
ENSOARG00000012081,OR4E1,olfactory receptor family 4 subfamily E member 1 (gene/pseudogene),
ENSOARG00000012084,NACA,nascent polypeptide-associated complex subunit alpha,
ENSOARG00000012093,ZRANB2,zinc finger RANBP2-type containing 2,
ENSOARG00000012116,MOGAT2,monoacylglycerol O-acyltransferase 2,
ENSOARG00000012127,HTR5B,HTR5B,
ENSOARG00000012140,UTP14A,UTP14A small subunit processome component,
ENSOARG00000012142,VARS,valyl-tRNA synthetase,
ENSOARG00000012151,PIR,pirin,
ENSOARG00000012198,OR1044,OR1044,
ENSOARG00000012199,SCAMP2,secretory carrier-associated membrane protein 2,
ENSOARG00000012216,HPSE2,heparanase 2 (inactive),
ENSOARG00000012222,PDHB,pyruvate dehydrogenase (lipoamide) beta,
ENSOARG00000012224,BMX,BMX non-receptor tyrosine kinase,
ENSOARG00000012227,HHAT,protein-cysteine N-palmitoyltransferase HHAT,
ENSOARG00000012243,PYCRL,pyrroline-5-carboxylate reductase 3,
ENSOARG00000012283,SUMO3,small ubiquitin-like modifier 3,
ENSOARG00000012287,SYT14,synaptotagmin 14,
ENSOARG00000012319,TNNI3K,TNNI3 interacting kinase,
ENSOARG00000012350,MTHFD2,"methylenetetrahydrofolate dehydrogenase (NADP+ dependent) 2, methenyltetrahydrofolate cyclohydrolase",
ENSOARG00000012351,ZC3H14,zinc finger CCCH domain-containing protein 14,
ENSOARG00000012353,AKR1B1,aldo-keto reductase family 1 member B,
ENSOARG00000012364,WDR66,WD repeat domain 66,
ENSOARG00000012401,RNASE7,ribonuclease A family member 7,
ENSOARG00000012404,WDR66,WD repeat domain 66,
ENSOARG00000012416,UVRAG,UV radiation resistance associated,
ENSOARG00000012424,RPP14,ribonuclease P/MRP subunit p14,
ENSOARG00000012456,PSMD9,"proteasome 26S subunit, non-ATPase 9",
ENSOARG00000012459,PDX1,pancreatic and duodenal homeobox 1,
ENSOARG00000012467,CHRAC1,chromatin accessibility complex protein 1,
ENSOARG00000012550,OOSP1,OOSP1,
ENSOARG00000012562,ANG1,ANG1,
ENSOARG00000012595,WWP1,WW domain containing E3 ubiquitin protein ligase 1,
ENSOARG00000012609,RDH12,RDH12,
ENSOARG00000012644,TMEM27,transmembrane protein 27,
ENSOARG00000012651,TMEM27,transmembrane protein 27,
ENSOARG00000012660,CLIC6,chloride intracellular channel 6,
ENSOARG00000012669,INO80B,INO80 complex subunit B,
ENSOARG00000012671,RNASE1,ribonuclease pancreatic,
ENSOARG00000012713,ZRSR2,"zinc finger CCCH-type, RNA binding motif and serine/arginine rich 2",
ENSOARG00000012765,ZNF709,zinc finger protein 709,
ENSOARG00000012791,OR2T27,OR2T27,
ENSOARG00000012836,EBF1,early B-cell factor 1,
ENSOARG00000012837,ST6GALNAC5,"ST6 N-acetylgalactosaminide alpha-2,6-sialyltransferase 5",
ENSOARG00000012848,PPAT,phosphoribosyl pyrophosphate amidotransferase,
ENSOARG00000012881,TEAD2,transcriptional enhancer factor TEF-4,
ENSOARG00000012897,CABP1,calcium binding protein 1,
ENSOARG00000012899,TMPO,thymopoietin,
ENSOARG00000012932,EI24,"EI24, autophagy associated transmembrane protein",
ENSOARG00000012982,METTL16,methyltransferase like 16,
ENSOARG00000013015,TAMM41,TAM41 mitochondrial translocator assembly and maintenance homolog,
ENSOARG00000013034,CCT6A,chaperonin containing TCP1 subunit 6A,
ENSOARG00000013035,NPFFR2,neuropeptide FF receptor 2,
ENSOARG00000013044,TJP2,tight junction protein ZO-2,
ENSOARG00000013057,POM121C,nuclear envelope pore membrane protein POM 121C,
ENSOARG00000013060,OR2AJ1,OR2AJ1,
ENSOARG00000013092,Mar-11,membrane associated ring-CH-type finger 11,
ENSOARG00000013095,MKRN1,makorin ring finger protein 1,
ENSOARG00000013105,RILP,Rab interacting lysosomal protein,
ENSOARG00000013115,SMIM8,small integral membrane protein 8,
ENSOARG00000013133,MSL1,male specific lethal 1 homolog,
ENSOARG00000013166,UBE2F,ubiquitin conjugating enzyme E2 F (putative),
ENSOARG00000013169,RPL13A,ribosomal protein L13a,
ENSOARG00000013207,RCN3,reticulocalbin 3,
ENSOARG00000013217,ANKS1B,ankyrin repeat and sterile alpha motif domain containing 1B,
ENSOARG00000013241,KCNJ1,potassium voltage-gated channel subfamily J member 1,
ENSOARG00000013246,IL10RB,interleukin 10 receptor subunit beta,
ENSOARG00000013257,KCNJ1,potassium voltage-gated channel subfamily J member 1,
ENSOARG00000013294,ANKS1B,ankyrin repeat and sterile alpha motif domain containing 1B,
ENSOARG00000013323,OR11G2,olfactory receptor family 11 subfamily G member 2,
ENSOARG00000013362,CEP162,centrosomal protein of 162 kDa,
ENSOARG00000013442,MRPL30,mitochondrial ribosomal protein L30,
ENSOARG00000013454,MIS12,"MIS12, kinetochore complex component",
ENSOARG00000013459,OR4K14,OR4K14,
ENSOARG00000013520,SKP2,"S-phase kinase-associated protein 2, E3 ubiquitin protein ligase",
ENSOARG00000013523,FAM150A,family with sequence similarity 150 member A,
ENSOARG00000013532,PTTG1,pituitary tumor-transforming 1,
ENSOARG00000013554,C21orf59,chromosome 21 open reading frame 59,
ENSOARG00000013557,WDR24,WD repeat domain 24,
ENSOARG00000013627,FAM104A,family with sequence similarity 104 member A,
ENSOARG00000013634,DDT,D-dopachrome tautomerase,
ENSOARG00000013665,THOC2,THO complex 2,
ENSOARG00000013702,KDM4C,lysine demethylase 4C,
ENSOARG00000013709,TMEM178B,transmembrane protein 178B,
ENSOARG00000013728,NICN1,nicolin 1,
ENSOARG00000013749,SLC35G6,solute carrier family 35 member G6,
ENSOARG00000013758,ACSF3,acyl-CoA synthetase family member 3,
ENSOARG00000013775,RPLP0,ribosomal protein lateral stalk subunit P0,
ENSOARG00000013789,NDUFB11,NADH:ubiquinone oxidoreductase subunit B11,
ENSOARG00000013806,ASAH2,N-acylsphingosine amidohydrolase 2,
ENSOARG00000013821,MDM2,MDM2 proto-oncogene,
ENSOARG00000013839,TAF11,TATA-box binding protein associated factor 11,
ENSOARG00000013841,UOX,uricase,
ENSOARG00000013864,STRBP,spermatid perinuclear RNA-binding protein,
ENSOARG00000013884,DAP,death associated protein,
ENSOARG00000013890,DNAH12,dynein axonemal heavy chain 12,
ENSOARG00000013916,ANKRD9,ankyrin repeat domain 9,
ENSOARG00000013936,GDPD4,glycerophosphodiester phosphodiesterase domain-containing protein 4-like,
ENSOARG00000013969,NOL12,nucleolar protein 12,
ENSOARG00000014002,PSIP1,PC4 and SFRS1 interacting protein 1,
ENSOARG00000014018,PAPSS2,3'-phosphoadenosine 5'-phosphosulfate synthase 2,
ENSOARG00000014037,LRRC4B,leucine-rich repeat-containing protein 4B,
ENSOARG00000014060,FAHD2A,fumarylacetoacetate hydrolase domain containing 2A,
ENSOARG00000014076,RPL23A,ribosomal protein L23a,
ENSOARG00000014089,MRPL15,mitochondrial ribosomal protein L15,
ENSOARG00000014105,NPHP4,nephrocystin 4,
ENSOARG00000014110,PSMB6,proteasome subunit beta 6,
ENSOARG00000014131,HDGFRP3,HDGFRP3,
ENSOARG00000014144,CMBL,carboxymethylenebutenolidase homolog,
ENSOARG00000014145,ZNF2,ZNF2,
ENSOARG00000014184,NPHP4,nephrocystin 4,
ENSOARG00000014191,MRPS5,mitochondrial ribosomal protein S5,
ENSOARG00000014192,FBLIM1,filamin binding LIM protein 1,
ENSOARG00000014200,TDRD1,tudor domain containing 1,
ENSOARG00000014225,RNLS,"renalase, FAD dependent amine oxidase",
ENSOARG00000014242,RPS6,ribosomal protein S6,
ENSOARG00000014256,OR4K13,OR4K13,
ENSOARG00000014269,SLC7A13,solute carrier family 7 member 13-like,
ENSOARG00000014282,SLC7A13,solute carrier family 7 member 13-like,
ENSOARG00000014298,MRPL15,mitochondrial ribosomal protein L15,
ENSOARG00000014311,SENP3,SUMO1/sentrin/SMT3 specific peptidase 3,
ENSOARG00000014324,RPL23A,ribosomal protein L23a,
ENSOARG00000014328,RALYL,RALY RNA binding protein-like,
ENSOARG00000014329,ACOXL,acyl-CoA oxidase-like,
ENSOARG00000014333,TAAR7,TAAR7,
ENSOARG00000014359,TAAR7,TAAR7,
ENSOARG00000014367,PYURF,PIGY upstream reading frame,
ENSOARG00000014379,PIGY,phosphatidylinositol glycan anchor biosynthesis class Y,
ENSOARG00000014383,TAAR7,TAAR7,
ENSOARG00000014403,XKR4,XK related 4,
ENSOARG00000014406,XKR4,XK related 4,
ENSOARG00000014417,PROSER2,proline and serine rich 2,
ENSOARG00000014455,PTP4A1,PTP4A1,
ENSOARG00000014486,VNN2,vanin 2,
ENSOARG00000014508,PKIA,"protein kinase (cAMP-dependent, catalytic) inhibitor alpha",
ENSOARG00000014528,USP16,ubiquitin specific peptidase 16,
ENSOARG00000014534,C1orf174,chromosome 1 open reading frame 174,
ENSOARG00000014548,C3,complement C3,
ENSOARG00000014566,RPL9,ribosomal protein L9,
ENSOARG00000014576,MORF4L1,mortality factor 4 like 1,
ENSOARG00000014578,SIGLEC5,sialic acid-binding Ig-like lectin 5,
ENSOARG00000014615,ZCWPW2,zinc finger CW-type and PWWP domain containing 2,
ENSOARG00000014618,ARPC1A,actin related protein 2/3 complex subunit 1A,
ENSOARG00000014633,RNF146,E3 ubiquitin-protein ligase RNF146,
ENSOARG00000014636,CMPK2,cytidine/uridine monophosphate kinase 2,
ENSOARG00000014670,BTF3,transcription factor BTF3,
ENSOARG00000014682,ABCA3,ABCA3,
ENSOARG00000014691,CABP1,calcium binding protein 1,
ENSOARG00000014701,WWP1,WW domain containing E3 ubiquitin protein ligase 1,
ENSOARG00000014724,TFG,TRK-fused gene,
ENSOARG00000014756,CCDC115,coiled-coil domain containing 115,
ENSOARG00000014763,NMU,neuromedin U,
ENSOARG00000014784,SHISA6,shisa family member 6,
ENSOARG00000014797,FAM222A,family with sequence similarity 222 member A,
ENSOARG00000014798,HBS1L,HBS1 like translational GTPase,
ENSOARG00000014816,KRT222,keratin 222,
ENSOARG00000014825,FGFBP3,fibroblast growth factor-binding protein 3,
ENSOARG00000014827,CCDC25,coiled-coil domain containing 25,
ENSOARG00000014838,NAP1L1,nucleosome assembly protein 1 like 1,
ENSOARG00000014839,HIC1,hypermethylated in cancer 1,
ENSOARG00000014873,ALG9,"ALG9, alpha-1,2-mannosyltransferase",
ENSOARG00000014907,HS2ST1,heparan sulfate 2-O-sulfotransferase 1,
ENSOARG00000014935,RPS27A,ribosomal protein S27a,
ENSOARG00000014943,HMX2,H6 family homeobox 2,
ENSOARG00000014958,PPM1L,"protein phosphatase, Mg2+/Mn2+ dependent 1L",
ENSOARG00000014963,FBXO16,F-box protein 16,
ENSOARG00000015013,TRIM59,tripartite motif containing 59,
ENSOARG00000015014,VN1R4,VN1R4,
ENSOARG00000015037,PAWR,pro-apoptotic WT1 regulator,
ENSOARG00000015079,VN1R4,VN1R4,
ENSOARG00000015093,SNAPC2,small nuclear RNA activating complex polypeptide 2,
ENSOARG00000015106,WIPI1,"WD repeat domain, phosphoinositide interacting 1",
ENSOARG00000015147,MTHFS,"5,10-methenyltetrahydrofolate synthetase (5-formyltetrahydrofolate cyclo-ligase)",
ENSOARG00000015156,UBE2QL1,ubiquitin conjugating enzyme E2 Q family like 1,
ENSOARG00000015162,BTBD9,BTB domain containing 9,
ENSOARG00000015173,GABPA,GA binding protein transcription factor alpha subunit,
ENSOARG00000015174,ERH,enhancer of rudimentary homolog (Drosophila),
ENSOARG00000015202,PFDN4,PFDN4,
ENSOARG00000015203,DBNDD1,dysbindin domain containing 1,
ENSOARG00000015209,DACH1,dachshund family transcription factor 1,
ENSOARG00000015216,SDR16C6,SDR16C6,
ENSOARG00000015246,ANKRD44,serine/threonine-protein phosphatase 6 regulatory ankyrin repeat subunit B,
ENSOARG00000015255,C1GALT1C1,C1GALT1 specific chaperone 1,
ENSOARG00000015260,ZFYVE28,zinc finger FYVE-type containing 28,
ENSOARG00000015261,ANAPC10,anaphase promoting complex subunit 10,
ENSOARG00000015265,EIF3F,eukaryotic translation initiation factor 3 subunit F,
ENSOARG00000015276,TCERG1L,transcription elongation regulator 1 like,
ENSOARG00000015279,GAS8,growth arrest specific 8,
ENSOARG00000015289,ZFYVE28,zinc finger FYVE-type containing 28,
ENSOARG00000015293,BTF3,transcription factor BTF3,
ENSOARG00000015302,HAUS3,HAUS augmin-like complex subunit 3,
ENSOARG00000015304,TCERG1L,transcription elongation regulator 1 like,
ENSOARG00000015352,HAND2,heart and neural crest derivatives expressed 2,
ENSOARG00000015355,TRIM71,tripartite motif containing 71,
ENSOARG00000015378,NDUFB8,NADH:ubiquinone oxidoreductase subunit B8,
ENSOARG00000015382,HMGB2,high mobility group box 2,
ENSOARG00000015420,GALNTL6,polypeptide N-acetylgalactosaminyltransferase-like 6,
ENSOARG00000015433,GALNTL6,polypeptide N-acetylgalactosaminyltransferase-like 6,
ENSOARG00000015460,OR8G2,olfactory receptor family 8 subfamily G member 2,
ENSOARG00000015470,OR8B3,olfactory receptor family 8 subfamily B member 3,
ENSOARG00000015474,DAZL,deleted in azoospermia like,
ENSOARG00000015480,OR8G2,olfactory receptor family 8 subfamily G member 2,
ENSOARG00000015491,KIF4A,chromosome-associated kinesin KIF4A,
ENSOARG00000015501,OR8G2,olfactory receptor family 8 subfamily G member 2,
ENSOARG00000015511,OR8G2,olfactory receptor family 8 subfamily G member 2,
ENSOARG00000015523,OR8G2,olfactory receptor family 8 subfamily G member 2,
ENSOARG00000015537,OR8B3,olfactory receptor family 8 subfamily B member 3,
ENSOARG00000015544,OR8B3,olfactory receptor family 8 subfamily B member 3,
ENSOARG00000015548,RPF2,ribosome production factor 2 homolog,
ENSOARG00000015563,CCDC86,coiled-coil domain containing 86,
ENSOARG00000015572,PRSS58,PRSS58,
ENSOARG00000015601,OR8A1,olfactory receptor family 8 subfamily A member 1,
ENSOARG00000015615,RPS15A,ribosomal protein S15a,
ENSOARG00000015641,PEBP1,phosphatidylethanolamine binding protein 1,
ENSOARG00000015678,PDCD6,programmed cell death protein 6,
ENSOARG00000015712,DLAT,dihydrolipoamide S-acetyltransferase,
ENSOARG00000015717,UCHL3,ubiquitin C-terminal hydrolase L3,
ENSOARG00000015732,IQCF3,IQ motif containing F3,
ENSOARG00000015735,ACSL6,long-chain-fatty-acid--CoA ligase 6,
ENSOARG00000015736,PPOX,protoporphyrinogen oxidase,
ENSOARG00000015748,HNRNPK,HNRNPK,
ENSOARG00000015758,BUB3,"BUB3, mitotic checkpoint protein",
ENSOARG00000015781,ICAM4,intercellular adhesion molecule 4 (Landsteiner-Wiener blood group),
ENSOARG00000015810,CCDC115,coiled-coil domain containing 115,
ENSOARG00000015825,METTL16,methyltransferase like 16,
ENSOARG00000015832,DEGS1,"delta 4-desaturase, sphingolipid 1",
ENSOARG00000015844,CXADR,coxsackie virus and adenovirus receptor,
ENSOARG00000015855,DEGS1,"delta 4-desaturase, sphingolipid 1",
ENSOARG00000015868,YKT6,YKT6 v-SNARE homolog (S. cerevisiae),
ENSOARG00000015888,TMEM14C,transmembrane protein 14C,
ENSOARG00000015911,LARS,leucyl-tRNA synthetase,
ENSOARG00000015929,SLC7A3,solute carrier family 7 member 3,
ENSOARG00000015930,QRSL1,glutaminyl-tRNA synthase (glutamine-hydrolyzing)-like 1,
ENSOARG00000016023,EPPK1,epiplakin,
ENSOARG00000016051,UPF3B,regulator of nonsense transcripts 3B,
ENSOARG00000016058,TEAD2,transcriptional enhancer factor TEF-4,
ENSOARG00000016066,SRP19,signal recognition particle 19,
ENSOARG00000016080,ATP5E,"ATP synthase, H+ transporting, mitochondrial F1 complex, epsilon subunit",
ENSOARG00000016081,UPP1,uridine phosphorylase 1,
ENSOARG00000016139,SLIRP,SRA stem-loop interacting RNA binding protein,
ENSOARG00000016178,NREP,neuronal regeneration related protein,
ENSOARG00000016183,TMED11,TMED11,
ENSOARG00000016189,OR7A17,olfactory receptor family 7 subfamily A member 17,
ENSOARG00000016201,PRSS58,PRSS58,
ENSOARG00000016203,OR7A17,olfactory receptor family 7 subfamily A member 17,
ENSOARG00000016222,CILP2,cartilage intermediate layer protein 2,
ENSOARG00000016248,MRPS5,mitochondrial ribosomal protein S5,
ENSOARG00000016249,OR7A17,olfactory receptor family 7 subfamily A member 17,
ENSOARG00000016259,INPP1,inositol polyphosphate-1-phosphatase,
ENSOARG00000016260,FGFRL1,fibroblast growth factor receptor-like 1,
ENSOARG00000016261,SMUG1,single-strand-selective monofunctional uracil-DNA glycosylase 1,
ENSOARG00000016293,WDR61,WD repeat domain 61,
ENSOARG00000016327,RAB40B,"RAB40B, member RAS oncogene family",
ENSOARG00000016357,WIPI3,WIPI3,
ENSOARG00000016373,SET,SET nuclear proto-oncogene,
ENSOARG00000016375,PGRMC1,progesterone receptor membrane component 1,
ENSOARG00000016396,OR7E24,OR7E24,
ENSOARG00000016402,TMED7,TMED7,
ENSOARG00000016411,NME3,NME/NM23 nucleoside diphosphate kinase 3,
ENSOARG00000016413,ATF7,activating transcription factor 7,
ENSOARG00000016416,MRPS34,mitochondrial ribosomal protein S34,
ENSOARG00000016418,RAPGEF6,Rap guanine nucleotide exchange factor 6,
ENSOARG00000016420,AOX2,AOX2,
ENSOARG00000016444,AP3S1,adaptor related protein complex 3 sigma 1 subunit,
ENSOARG00000016470,EGR1,early growth response protein 1,
ENSOARG00000016474,CLNS1A,chloride nucleotide-sensitive channel 1A,
ENSOARG00000016491,LRAT,lecithin retinol acyltransferase (phosphatidylcholine--retinol O-acyltransferase),
ENSOARG00000016495,RPL3,ribosomal protein L3,
ENSOARG00000016507,ARL14EPL,ADP ribosylation factor like GTPase 14 effector protein like,
ENSOARG00000016508,PFDN4,PFDN4,
ENSOARG00000016518,NRTN,neurturin,
ENSOARG00000016558,PFDN5,prefoldin subunit 5,
ENSOARG00000016579,PAPOLA,poly(A) polymerase alpha,
ENSOARG00000016586,CHSY3,chondroitin sulfate synthase 3,
ENSOARG00000016594,ASPH,aspartyl/asparaginyl beta-hydroxylase,
ENSOARG00000016595,TMEM132D,transmembrane protein 132D,
ENSOARG00000016599,ZNF623,zinc finger protein 623,
ENSOARG00000016614,BTF3,transcription factor BTF3,
ENSOARG00000016620,LZTR1,leucine zipper like transcription regulator 1,
ENSOARG00000016655,AIFM3,"apoptosis inducing factor, mitochondria associated 3",
ENSOARG00000016660,ANAPC15,anaphase promoting complex subunit 15,
ENSOARG00000016680,FBXW10,F-box/WD repeat-containing protein 10-like,
ENSOARG00000016683,SMIM8,small integral membrane protein 8,
ENSOARG00000016690,MEIOB,meiosis specific with OB domains,
ENSOARG00000016698,OR7A17,olfactory receptor family 7 subfamily A member 17,
ENSOARG00000016707,MAEA,macrophage erythroblast attacher,
ENSOARG00000016721,PEBP1,phosphatidylethanolamine binding protein 1,
ENSOARG00000016739,ROBO1,roundabout guidance receptor 1,
ENSOARG00000016743,NFYB,nuclear transcription factor Y subunit beta,
ENSOARG00000016746,OR56,OR56,
ENSOARG00000016755,DNAH14,"dynein heavy chain 14, axonemal",
ENSOARG00000016756,PCGF3,polycomb group ring finger 3,
ENSOARG00000016769,OR2H2,olfactory receptor family 2 subfamily H member 2,
ENSOARG00000016773,KRT18,"keratin, type I cytoskeletal 18",
ENSOARG00000016817,HNRNPUL2,heterogeneous nuclear ribonucleoprotein U like 2,
ENSOARG00000016841,ATP5L,"ATP synthase, H+ transporting, mitochondrial Fo complex subunit G",
ENSOARG00000016858,SCARB2,scavenger receptor class B member 2,
ENSOARG00000016877,GPN3,GPN-loop GTPase 3,
ENSOARG00000016881,CCDC86,coiled-coil domain containing 86,
ENSOARG00000016890,OR140,OR140,
ENSOARG00000016896,BTN1A1,BTN1A1,
ENSOARG00000016920,BLVRA,biliverdin reductase A,
ENSOARG00000016931,MATR3,matrin 3,
ENSOARG00000016939,UBD,ubiquitin D,
ENSOARG00000016983,TRIM59,tripartite motif containing 59,
ENSOARG00000016985,CAPZA1,capping actin protein of muscle Z-line alpha subunit 1,
ENSOARG00000016990,RPL22L1,ribosomal protein L22 like 1,
ENSOARG00000017006,UBD,ubiquitin D,
ENSOARG00000017070,BLOC1S5,biogenesis of lysosomal organelles complex 1 subunit 5,
ENSOARG00000017106,TMEM230,transmembrane protein 230,
ENSOARG00000017137,ZFX,"zinc finger protein, X-linked",
ENSOARG00000017146,LYRM9,LYR motif containing 9,
ENSOARG00000017173,OR10A3,olfactory receptor family 10 subfamily A member 3,
ENSOARG00000017200,OR481,OR481,
ENSOARG00000017211,CDK18,cyclin dependent kinase 18,
ENSOARG00000017215,OR2J3,olfactory receptor family 2 subfamily J member 3,
ENSOARG00000017228,OR10C1,OR10C1,
ENSOARG00000017270,SLC6A9,sodium- and chloride-dependent glycine transporter 1,
ENSOARG00000017280,OR6,OR6,
ENSOARG00000017287,OR6,OR6,
ENSOARG00000017301,OR6,OR6,
ENSOARG00000017349,SHROOM3,shroom family member 3,
ENSOARG00000017352,SHROOM3,shroom family member 3,
ENSOARG00000017379,KRT42,KRT42,
ENSOARG00000017381,POU6F1,POU class 6 homeobox 1,
ENSOARG00000017396,BABAM1,BRISC and BRCA1 A complex member 1,
ENSOARG00000017399,NPM1,nucleophosmin,
ENSOARG00000017405,MRPL13,mitochondrial ribosomal protein L13,
ENSOARG00000017414,DNAJC2,dnaJ homolog subfamily C member 2,
ENSOARG00000017470,SLC11A1,SLC11A1,
ENSOARG00000017473,HIGD1A,HIG1 hypoxia inducible domain family member 1A,
ENSOARG00000017481,P2RX5,purinergic receptor P2X 5,
ENSOARG00000017492,METTL7A,methyltransferase like 7A,
ENSOARG00000017504,HOXD9,homeobox D9,
ENSOARG00000017506,TMEM56,transmembrane protein 56,
ENSOARG00000017511,CRYBG3,crystallin beta-gamma domain containing 3,
ENSOARG00000017529,CRYBG3,crystallin beta-gamma domain containing 3,
ENSOARG00000017535,INSM2,INSM transcriptional repressor 2,
ENSOARG00000017550,PTCH2,patched 2,
ENSOARG00000017558,PSMC6,"proteasome 26S subunit, ATPase 6",
ENSOARG00000017578,SNX7,sorting nexin 7,
ENSOARG00000017580,ZBED9,zinc finger BED-type containing 9,
ENSOARG00000017591,OR12D2,olfactory receptor family 12 subfamily D member 2 (gene/pseudogene),
ENSOARG00000017596,CTN4,CTN4,
ENSOARG00000017619,CECR6,"cat eye syndrome chromosome region, candidate 6",
ENSOARG00000017632,CCND1,cyclin D1,
ENSOARG00000017636,USP32,ubiquitin specific peptidase 32,
ENSOARG00000017644,VN1R4,VN1R4,
ENSOARG00000017657,MAGEA10,MAGE family member A10,
ENSOARG00000017658,TMEM88,transmembrane protein 88,
ENSOARG00000017661,OR5H2,olfactory receptor family 5 subfamily H member 2,
ENSOARG00000017698,POU6F2,POU class 6 homeobox 2,
ENSOARG00000017708,TOLLIP,toll interacting protein,
ENSOARG00000017762,AGL,"amylo-alpha-1, 6-glucosidase, 4-alpha-glucanotransferase",
ENSOARG00000017773,OR4C46,olfactory receptor family 4 subfamily C member 46,
ENSOARG00000017774,PYCR2,pyrroline-5-carboxylate reductase 2,
ENSOARG00000017785,FAM89A,family with sequence similarity 89 member A,
ENSOARG00000017793,IRF2BP2,interferon regulatory factor 2 binding protein 2,
ENSOARG00000017796,HERC6,probable E3 ubiquitin-protein ligase HERC6,
ENSOARG00000017809,COX7A2L,cytochrome c oxidase subunit 7A2 like,
ENSOARG00000017822,ASC1,ASC1,
ENSOARG00000017825,SGK3,serum/glucocorticoid regulated kinase family member 3,
ENSOARG00000017831,ZSCAN31,zinc finger and SCAN domain-containing protein 31,
ENSOARG00000017846,ANKHD1,ankyrin repeat and KH domain containing 1,
ENSOARG00000017882,ZMYND8,protein kinase C-binding protein 1,
ENSOARG00000017890,BTBD11,BTB domain containing 11,
ENSOARG00000017905,UCHL3,ubiquitin C-terminal hydrolase L3,
ENSOARG00000017911,TMEM30C,TMEM30C,
ENSOARG00000017916,ANAPC11,anaphase promoting complex subunit 11,
ENSOARG00000017919,SHTN1,shootin-1,
ENSOARG00000017934,METTL16,methyltransferase like 16,
ENSOARG00000017944,SRSF6,serine/arginine-rich splicing factor 6,
ENSOARG00000017981,ARVCF,armadillo repeat gene deleted in velocardiofacial syndrome,
ENSOARG00000017984,MYEOV2,MYEOV2,
ENSOARG00000018012,OR6C4,OR6C4,
ENSOARG00000018025,STRBP,spermatid perinuclear RNA-binding protein,
ENSOARG00000018030,TMEM45A,transmembrane protein 45A,
ENSOARG00000018031,OR6C2,olfactory receptor family 6 subfamily C member 2,
ENSOARG00000018033,ACSF3,acyl-CoA synthetase family member 3,
ENSOARG00000018044,TMEM45A,transmembrane protein 45A,
ENSOARG00000018065,CENPO,centromere protein O,
ENSOARG00000018073,OR6C2,olfactory receptor family 6 subfamily C member 2,
ENSOARG00000018083,ALDH3A2,aldehyde dehydrogenase 3 family member A2,
ENSOARG00000018092,OR6C2,olfactory receptor family 6 subfamily C member 2,
ENSOARG00000018109,TFG,TRK-fused gene,
ENSOARG00000018129,EID1,EP300-interacting inhibitor of differentiation 1,
ENSOARG00000018158,SYN3,synapsin III,
ENSOARG00000018188,BNIP3L,BCL2 interacting protein 3 like,
ENSOARG00000018207,RPL4,ribosomal protein L4,
ENSOARG00000018239,BCDIN3D,BCDIN3 domain containing RNA methyltransferase,
ENSOARG00000018255,FAM174A,family with sequence similarity 174 member A,
ENSOARG00000018256,DMD,dystrophin,
ENSOARG00000018315,OR10C1,OR10C1,
ENSOARG00000018333,OR10C1,OR10C1,
ENSOARG00000018335,CMBL,carboxymethylenebutenolidase homolog,
ENSOARG00000018400,XRCC6,X-ray repair cross complementing 6,
ENSOARG00000018407,RPS15A,ribosomal protein S15a,
ENSOARG00000018422,RPL5,ribosomal protein L5,
ENSOARG00000018425,HTR1D,5-hydroxytryptamine receptor 1D,
ENSOARG00000018451,SNU13,SNU13,
ENSOARG00000018456,RPS15A,ribosomal protein S15a,
ENSOARG00000018462,EIF4A2,eukaryotic translation initiation factor 4A2,
ENSOARG00000018490,SYT2,synaptotagmin 2,
ENSOARG00000018533,POLE3,"DNA polymerase epsilon 3, accessory subunit",
ENSOARG00000018535,DNAJB8,DnaJ heat shock protein family (Hsp40) member B8,
ENSOARG00000018538,ZKSCAN5,zinc finger with KRAB and SCAN domains 5,
ENSOARG00000018551,ANP32A,acidic nuclear phosphoprotein 32 family member A,
ENSOARG00000018556,ACAD10,acyl-CoA dehydrogenase family member 10,
ENSOARG00000018576,IL1RAPL1,interleukin 1 receptor accessory protein like 1,
ENSOARG00000018577,ATP5J2,"ATP synthase, H+ transporting, mitochondrial Fo complex subunit F2",
ENSOARG00000018588,CYSRT1,cysteine rich tail 1,
ENSOARG00000018594,SPIN2B,spindlin family member 2B,
ENSOARG00000018614,TMEM121,transmembrane protein 121,
ENSOARG00000018619,OR52E1,olfactory receptor family 52 subfamily E member 1 (gene/pseudogene),
ENSOARG00000018622,EEF1B2,eukaryotic translation elongation factor 1 beta 2,
ENSOARG00000018631,OR49,OR49,
ENSOARG00000018642,FAM43B,family with sequence similarity 43 member B,
ENSOARG00000018643,NPFFR2,neuropeptide FF receptor 2,
ENSOARG00000018648,TAMM41,TAM41 mitochondrial translocator assembly and maintenance homolog,
ENSOARG00000018679,ZNF322,zinc finger protein 322,
ENSOARG00000018704,TMEM47,transmembrane protein 47,
ENSOARG00000018754,SPATS2,spermatogenesis-associated serine-rich protein 2,
ENSOARG00000018759,BLOC1S5,biogenesis of lysosomal organelles complex 1 subunit 5,
ENSOARG00000018764,SMIM7,small integral membrane protein 7,
ENSOARG00000018772,ACAD10,acyl-CoA dehydrogenase family member 10,
ENSOARG00000018773,BMP2K,BMP2 inducible kinase,
ENSOARG00000018777,FBXL17,F-box and leucine rich repeat protein 17,
ENSOARG00000018796,THSD4,thrombospondin type 1 domain containing 4,
ENSOARG00000018799,FER,tyrosine-protein kinase Fer,
ENSOARG00000018812,HSPB7,heat shock protein family B (small) member 7,
ENSOARG00000018841,EZH2,enhancer of zeste 2 polycomb repressive complex 2 subunit,
ENSOARG00000018856,EZH2,enhancer of zeste 2 polycomb repressive complex 2 subunit,
ENSOARG00000018861,HES7,hes family bHLH transcription factor 7,
ENSOARG00000018866,RPL10,60S ribosomal protein L10,
ENSOARG00000018872,MRPL41,mitochondrial ribosomal protein L41,
ENSOARG00000018914,YKT6,YKT6 v-SNARE homolog (S. cerevisiae),
ENSOARG00000018919,CELF6,CUGBP Elav-like family member 6,
ENSOARG00000018921,OR56A4,olfactory receptor family 56 subfamily A member 4,
ENSOARG00000018948,UBE2F,ubiquitin conjugating enzyme E2 F (putative),
ENSOARG00000018997,GSX2,GS homeobox 2,
ENSOARG00000019003,VAMP2,vesicle associated membrane protein 2,
ENSOARG00000019029,DNAJC2,dnaJ homolog subfamily C member 2,
ENSOARG00000019055,NPL,N-acetylneuraminate pyruvate lyase,
ENSOARG00000019124,CSTF2T,cleavage stimulation factor subunit 2 tau variant,
ENSOARG00000019133,UNC80,"unc-80 homolog, NALCN activator",
ENSOARG00000019134,DPPA4,developmental pluripotency associated 4,
ENSOARG00000019148,UNC80,"unc-80 homolog, NALCN activator",
ENSOARG00000019149,RPE,ribulose-5-phosphate-3-epimerase,
ENSOARG00000019181,MRPL13,mitochondrial ribosomal protein L13,
ENSOARG00000019205,MROH2A,maestro heat-like repeat-containing protein family member 2A,
ENSOARG00000019207,RNF31,E3 ubiquitin-protein ligase RNF31,
ENSOARG00000019281,GSTM1,glutathione S-transferase mu 1,
ENSOARG00000019292,ALG10B,"ALG10B, alpha-1,2-glucosyltransferase",
ENSOARG00000019297,GSTM1,glutathione S-transferase mu 1,
ENSOARG00000019299,DUT,deoxyuridine triphosphatase,
ENSOARG00000019304,ARHGAP8,rho GTPase-activating protein 8,
ENSOARG00000019307,GSTM1,glutathione S-transferase mu 1,
ENSOARG00000019331,SLC22A17,solute carrier family 22 member 17,
ENSOARG00000019335,PSIP1,PC4 and SFRS1 interacting protein 1,
ENSOARG00000019362,EFHD1,EF-hand domain family member D1,
ENSOARG00000019394,CFAP44,cilia- and flagella-associated protein 44,
ENSOARG00000019471,BNIP3L,BCL2 interacting protein 3 like,
ENSOARG00000019477,CXCR2,C-X-C motif chemokine receptor 2,
ENSOARG00000019486,SF3B5,SF3B5,
ENSOARG00000019536,SERTAD2,SERTA domain containing 2,
ENSOARG00000019540,RPL23A,ribosomal protein L23a,
ENSOARG00000019549,PIFO,primary cilia formation,
ENSOARG00000019579,PIFO,primary cilia formation,
ENSOARG00000019637,USP16,ubiquitin specific peptidase 16,
ENSOARG00000019659,PIM3,"Pim-3 proto-oncogene, serine/threonine kinase",
ENSOARG00000019672,HNRNPC,heterogeneous nuclear ribonucleoproteins C1/C2,
ENSOARG00000019702,GPR39,G protein-coupled receptor 39,
ENSOARG00000019712,CAPZA1,capping actin protein of muscle Z-line alpha subunit 1,
ENSOARG00000019723,UQCRFS1,"ubiquinol-cytochrome c reductase, Rieske iron-sulfur polypeptide 1",
ENSOARG00000019726,RNASE12,ribonuclease A family member 12 (inactive),
ENSOARG00000019740,APEX1,apurinic/apyrimidinic endodeoxyribonuclease 1,
ENSOARG00000019770,HMGN1,high mobility group nucleosome binding domain 1,
ENSOARG00000019776,GK,glycerol kinase,
ENSOARG00000019778,SNX4,sorting nexin-4,
ENSOARG00000019787,NDUFA5,NADH:ubiquinone oxidoreductase subunit A5,
ENSOARG00000019794,PFDN5,prefoldin subunit 5,
ENSOARG00000019797,ZCRB1,zinc finger CCHC-type and RNA binding motif containing 1,
ENSOARG00000019800,YAF2,YAF2,
ENSOARG00000019804,NFU1,NFU1 iron-sulfur cluster scaffold,
ENSOARG00000019837,RPS6,ribosomal protein S6,
ENSOARG00000019860,VN1R4,VN1R4,
ENSOARG00000019866,FV1,Friend virus susceptibility protein 1-like,
ENSOARG00000019868,MANEAL,mannosidase endo-alpha like,
ENSOARG00000019874,VN1R4,VN1R4,
ENSOARG00000019880,VN1R4,VN1R4,
ENSOARG00000019883,VN1R4,VN1R4,
ENSOARG00000019886,VN1R4,VN1R4,
ENSOARG00000019887,VN1R4,VN1R4,
ENSOARG00000019891,VN1R4,VN1R4,
ENSOARG00000019894,VN1R4,VN1R4,
ENSOARG00000019898,VN1R2,vomeronasal 1 receptor 2,
ENSOARG00000019901,KATNBL1,katanin regulatory subunit B1 like 1,
ENSOARG00000019908,RPS15A,ribosomal protein S15a,
ENSOARG00000019918,VN1R4,VN1R4,
ENSOARG00000019919,VN1R4,VN1R4,
ENSOARG00000019943,TIGD1,tigger transposable element derived 1,
ENSOARG00000019959,RRAGC,Ras related GTP binding C,
ENSOARG00000019964,CHKB,choline kinase beta,
ENSOARG00000019969,NMT1,N-myristoyltransferase 1,
ENSOARG00000019978,NAP1L1,nucleosome assembly protein 1 like 1,
ENSOARG00000020046,ZNF322,zinc finger protein 322,
ENSOARG00000020048,VAMP8,vesicle associated membrane protein 8,
ENSOARG00000020079,GPR176,G protein-coupled receptor 176,
ENSOARG00000020094,TNP3,spermatid nuclear transition protein 3,
ENSOARG00000020113,BMP2K,BMP2 inducible kinase,
ENSOARG00000020119,CASR,extracellular calcium-sensing receptor,
ENSOARG00000020142,MED4,mediator complex subunit 4,
ENSOARG00000020149,TFB2M,"dimethyladenosine transferase 2, mitochondrial",
ENSOARG00000020154,CCT4,chaperonin containing TCP1 subunit 4,
ENSOARG00000020156,RPL9,ribosomal protein L9,
ENSOARG00000020159,RPL13A,ribosomal protein L13a,
ENSOARG00000020188,FAM110B,family with sequence similarity 110 member B,
ENSOARG00000020189,SPEG,striated muscle preferentially expressed protein kinase,
ENSOARG00000020190,SPEG,striated muscle preferentially expressed protein kinase,
ENSOARG00000020195,SPEG,striated muscle preferentially expressed protein kinase,
ENSOARG00000020197,NDUFB1,NADH:ubiquinone oxidoreductase subunit B1,
ENSOARG00000020236,BET1,Bet1 golgi vesicular membrane trafficking protein,
ENSOARG00000020237,ZNF148,zinc finger protein 148,
ENSOARG00000020240,SNX4,sorting nexin-4,
ENSOARG00000020241,VNN2,vanin 2,
ENSOARG00000020248,STK11IP,serine/threonine-protein kinase 11-interacting protein,
ENSOARG00000020251,RAB3IP,RAB3A interacting protein,
ENSOARG00000020275,FYTTD1,forty-two-three domain containing 1,
ENSOARG00000020301,TNK2,tyrosine kinase non receptor 2,
ENSOARG00000020314,CCT2,chaperonin containing TCP1 subunit 2,
ENSOARG00000020321,TCTEX1D2,Tctex1 domain containing 2,
ENSOARG00000020324,TM4SF19,transmembrane 4 L six family member 19,
ENSOARG00000020335,RNF168,ring finger protein 168,
ENSOARG00000020346,PDLIM1,PDZ and LIM domain 1,
ENSOARG00000020362,CTNNA2,catenin alpha 2,
ENSOARG00000020367,NCBP2,nuclear cap binding protein subunit 2,
ENSOARG00000020384,CTNNA2,catenin alpha 2,
ENSOARG00000020389,PPP1R2,protein phosphatase 1 regulatory inhibitor subunit 2,
ENSOARG00000020420,SLCO1B3,solute carrier organic anion transporter family member 1B3,
ENSOARG00000020468,ERMAP,erythroid membrane-associated protein,
ENSOARG00000020470,AEBP2,AE binding protein 2,
ENSOARG00000020500,PSMC6,"proteasome 26S subunit, ATPase 6",
ENSOARG00000020517,EIF4A2,eukaryotic translation initiation factor 4A2,
ENSOARG00000020530,DNAJB11,DnaJ heat shock protein family (Hsp40) member B11,
ENSOARG00000020533,VAMP8,vesicle associated membrane protein 8,
ENSOARG00000020592,OSBPL9,oxysterol binding protein like 9,
ENSOARG00000020598,DERA,deoxyribose-phosphate aldolase,
ENSOARG00000020716,KCNMB2,potassium calcium-activated channel subfamily M regulatory beta subunit 2,
ENSOARG00000020718,SF3B4,splicing factor 3b subunit 4,
ENSOARG00000020759,FAM96A,family with sequence similarity 96 member A,
ENSOARG00000020768,RPL22L1,ribosomal protein L22 like 1,
ENSOARG00000020778,ALPI,"alkaline phosphatase, intestinal",
ENSOARG00000020842,GOLPH3L,Golgi phosphoprotein 3-like,
ENSOARG00000020885,RFX7,DNA-binding protein RFX7,
ENSOARG00000020964,KLRC1,killer cell lectin like receptor C1,
ENSOARG00000020974,TARDBP,TAR DNA binding protein,
ENSOARG00000020990,KLRC1,killer cell lectin like receptor C1,
ENSOARG00000020999,FAM227B,family with sequence similarity 227 member B,
ENSOARG00000021021,DUT,deoxyuridine triphosphatase,
ENSOARG00000021031,CLEC2F,CLEC2F,
ENSOARG00000021034,VNN2,vanin 2,
ENSOARG00000021035,NPM1,nucleophosmin,
ENSOARG00000021037,SQRDL,sulfide quinone reductase-like (yeast),
ENSOARG00000021049,CLEC2D11,CLEC2D11,
ENSOARG00000021061,DLAT,dihydrolipoamide S-acetyltransferase,
ENSOARG00000021104,NAA30,"N(alpha)-acetyltransferase 30, NatC catalytic subunit",
ENSOARG00000021143,CBFA2T2,CBFA2/RUNX1 translocation partner 2,
ENSOARG00000021146,NIP7,"NIP7, nucleolar pre-rRNA processing protein",
ENSOARG00000021176,SENP8,"SUMO/sentrin peptidase family member, NEDD8 specific",
ENSOARG00000021183,ERH,enhancer of rudimentary homolog (Drosophila),
ENSOARG00000025178,PRNT,PRNT,
ENSOARG00000025196,TNP3,spermatid nuclear transition protein 3,
ENSOARG00000025197,TNP3,spermatid nuclear transition protein 3,
